pair_id,scene,frame,split,synthetic_path,real_path,width,height
e1_000000,e1,000000,train,data/synthetic/train/images/e1_000000.png,data/real/train/images/e1_000000.png,544,368
e1_000001,e1,000001,train,data/synthetic/val/images/e1_000001.png,data/real/val/images/e1_000001.png,544,368
e1_000002,e1,000002,train,data/synthetic/val/images/e1_000002.png,data/real/val/images/e1_000002.png,544,368
e1_000003,e1,000003,train,data/synthetic/train/images/e1_000003.png,data/real/train/images/e1_000003.png,544,368
e1_000004,e1,000004,train,data/synthetic/val/images/e1_000004.png,data/real/val/images/e1_000004.png,544,368
e1_000005,e1,000005,train,data/synthetic/val/images/e1_000005.png,data/real/val/images/e1_000005.png,544,368
e1_000006,e1,000006,train,data/synthetic/train/images/e1_000006.png,data/real/train/images/e1_000006.png,544,368
e1_000007,e1,000007,train,data/synthetic/train/images/e1_000007.png,data/real/train/images/e1_000007.png,544,368
e1_000008,e1,000008,train,data/synthetic/val/images/e1_000008.png,data/real/val/images/e1_000008.png,544,368
e1_000009,e1,000009,train,data/synthetic/val/images/e1_000009.png,data/real/val/images/e1_000009.png,544,368
e1_000010,e1,000010,train,data/synthetic/train/images/e1_000010.png,data/real/train/images/e1_000010.png,544,368
e1_000011,e1,000011,train,data/synthetic/train/images/e1_000011.png,data/real/train/images/e1_000011.png,544,368
e1_000012,e1,000012,train,data/synthetic/train/images/e1_000012.png,data/real/train/images/e1_000012.png,544,368
e1_000013,e1,000013,train,data/synthetic/train/images/e1_000013.png,data/real/train/images/e1_000013.png,544,368
e1_000014,e1,000014,train,data/synthetic/val/images/e1_000014.png,data/real/val/images/e1_000014.png,544,368
e1_000015,e1,000015,train,data/synthetic/train/images/e1_000015.png,data/real/train/images/e1_000015.png,544,368
e1_000016,e1,000016,train,data/synthetic/train/images/e1_000016.png,data/real/train/images/e1_000016.png,544,368
e1_000017,e1,000017,train,data/synthetic/train/images/e1_000017.png,data/real/train/images/e1_000017.png,544,368
e1_000018,e1,000018,train,data/synthetic/val/images/e1_000018.png,data/real/val/images/e1_000018.png,544,368
e1_000019,e1,000019,train,data/synthetic/val/images/e1_000019.png,data/real/val/images/e1_000019.png,544,368
e1_000020,e1,000020,train,data/synthetic/train/images/e1_000020.png,data/real/train/images/e1_000020.png,544,368
e1_000021,e1,000021,train,data/synthetic/train/images/e1_000021.png,data/real/train/images/e1_000021.png,544,368
e1_000022,e1,000022,train,data/synthetic/val/images/e1_000022.png,data/real/val/images/e1_000022.png,544,368
e1_000023,e1,000023,train,data/synthetic/train/images/e1_000023.png,data/real/train/images/e1_000023.png,544,368
e1_000024,e1,000024,train,data/synthetic/train/images/e1_000024.png,data/real/train/images/e1_000024.png,544,368
e1_000025,e1,000025,train,data/synthetic/train/images/e1_000025.png,data/real/train/images/e1_000025.png,544,368
e1_000026,e1,000026,train,data/synthetic/train/images/e1_000026.png,data/real/train/images/e1_000026.png,544,368
e1_000027,e1,000027,train,data/synthetic/val/images/e1_000027.png,data/real/val/images/e1_000027.png,544,368
e1_000028,e1,000028,train,data/synthetic/train/images/e1_000028.png,data/real/train/images/e1_000028.png,544,368
e1_000029,e1,000029,train,data/synthetic/val/images/e1_000029.png,data/real/val/images/e1_000029.png,544,368
e1_000030,e1,000030,train,data/synthetic/train/images/e1_000030.png,data/real/train/images/e1_000030.png,544,368
e1_000031,e1,000031,train,data/synthetic/val/images/e1_000031.png,data/real/val/images/e1_000031.png,544,368
e1_000032,e1,000032,train,data/synthetic/train/images/e1_000032.png,data/real/train/images/e1_000032.png,544,368
e1_000033,e1,000033,train,data/synthetic/train/images/e1_000033.png,data/real/train/images/e1_000033.png,544,368
e1_000034,e1,000034,train,data/synthetic/val/images/e1_000034.png,data/real/val/images/e1_000034.png,544,368
e1_000035,e1,000035,train,data/synthetic/train/images/e1_000035.png,data/real/train/images/e1_000035.png,544,368
e1_000036,e1,000036,train,data/synthetic/train/images/e1_000036.png,data/real/train/images/e1_000036.png,544,368
e1_000037,e1,000037,train,data/synthetic/train/images/e1_000037.png,data/real/train/images/e1_000037.png,544,368
e1_000038,e1,000038,train,data/synthetic/train/images/e1_000038.png,data/real/train/images/e1_000038.png,544,368
e1_000039,e1,000039,train,data/synthetic/val/images/e1_000039.png,data/real/val/images/e1_000039.png,544,368
e1_000040,e1,000040,train,data/synthetic/val/images/e1_000040.png,data/real/val/images/e1_000040.png,544,368
e1_000041,e1,000041,train,data/synthetic/train/images/e1_000041.png,data/real/train/images/e1_000041.png,544,368
e1_000042,e1,000042,train,data/synthetic/train/images/e1_000042.png,data/real/train/images/e1_000042.png,544,368
e1_000043,e1,000043,train,data/synthetic/train/images/e1_000043.png,data/real/train/images/e1_000043.png,544,368
e1_000044,e1,000044,train,data/synthetic/train/images/e1_000044.png,data/real/train/images/e1_000044.png,544,368
e1_000045,e1,000045,train,data/synthetic/val/images/e1_000045.png,data/real/val/images/e1_000045.png,544,368
e1_000046,e1,000046,train,data/synthetic/train/images/e1_000046.png,data/real/train/images/e1_000046.png,544,368
e1_000047,e1,000047,train,data/synthetic/val/images/e1_000047.png,data/real/val/images/e1_000047.png,544,368
e1_000048,e1,000048,train,data/synthetic/train/images/e1_000048.png,data/real/train/images/e1_000048.png,544,368
e1_000049,e1,000049,train,data/synthetic/train/images/e1_000049.png,data/real/train/images/e1_000049.png,544,368
e1_000050,e1,000050,train,data/synthetic/train/images/e1_000050.png,data/real/train/images/e1_000050.png,544,368
e1_000051,e1,000051,train,data/synthetic/train/images/e1_000051.png,data/real/train/images/e1_000051.png,544,368
e1_000052,e1,000052,train,data/synthetic/val/images/e1_000052.png,data/real/val/images/e1_000052.png,544,368
e1_000053,e1,000053,train,data/synthetic/val/images/e1_000053.png,data/real/val/images/e1_000053.png,544,368
e1_000054,e1,000054,train,data/synthetic/val/images/e1_000054.png,data/real/val/images/e1_000054.png,544,368
e1_000055,e1,000055,train,data/synthetic/val/images/e1_000055.png,data/real/val/images/e1_000055.png,544,368
e1_000056,e1,000056,train,data/synthetic/val/images/e1_000056.png,data/real/val/images/e1_000056.png,544,368
e1_000057,e1,000057,train,data/synthetic/train/images/e1_000057.png,data/real/train/images/e1_000057.png,544,368
e1_000058,e1,000058,train,data/synthetic/val/images/e1_000058.png,data/real/val/images/e1_000058.png,544,368
e1_000059,e1,000059,train,data/synthetic/train/images/e1_000059.png,data/real/train/images/e1_000059.png,544,368
e1_000060,e1,000060,train,data/synthetic/train/images/e1_000060.png,data/real/train/images/e1_000060.png,544,368
e1_000061,e1,000061,train,data/synthetic/val/images/e1_000061.png,data/real/val/images/e1_000061.png,544,368
e1_000062,e1,000062,train,data/synthetic/train/images/e1_000062.png,data/real/train/images/e1_000062.png,544,368
e1_000063,e1,000063,train,data/synthetic/train/images/e1_000063.png,data/real/train/images/e1_000063.png,544,368
e1_000064,e1,000064,train,data/synthetic/train/images/e1_000064.png,data/real/train/images/e1_000064.png,544,368
e1_000065,e1,000065,train,data/synthetic/train/images/e1_000065.png,data/real/train/images/e1_000065.png,544,368
e1_000066,e1,000066,train,data/synthetic/val/images/e1_000066.png,data/real/val/images/e1_000066.png,544,368
e1_000067,e1,000067,train,data/synthetic/train/images/e1_000067.png,data/real/train/images/e1_000067.png,544,368
e1_000068,e1,000068,train,data/synthetic/train/images/e1_000068.png,data/real/train/images/e1_000068.png,544,368
e1_000069,e1,000069,train,data/synthetic/train/images/e1_000069.png,data/real/train/images/e1_000069.png,544,368
e1_000070,e1,000070,train,data/synthetic/train/images/e1_000070.png,data/real/train/images/e1_000070.png,544,368
e1_000071,e1,000071,train,data/synthetic/train/images/e1_000071.png,data/real/train/images/e1_000071.png,544,368
e1_000072,e1,000072,train,data/synthetic/train/images/e1_000072.png,data/real/train/images/e1_000072.png,544,368
e1_000073,e1,000073,train,data/synthetic/train/images/e1_000073.png,data/real/train/images/e1_000073.png,544,368
e1_000074,e1,000074,train,data/synthetic/train/images/e1_000074.png,data/real/train/images/e1_000074.png,544,368
e1_000075,e1,000075,train,data/synthetic/val/images/e1_000075.png,data/real/val/images/e1_000075.png,544,368
e1_000076,e1,000076,train,data/synthetic/train/images/e1_000076.png,data/real/train/images/e1_000076.png,544,368
e1_000077,e1,000077,train,data/synthetic/train/images/e1_000077.png,data/real/train/images/e1_000077.png,544,368
e1_000078,e1,000078,train,data/synthetic/train/images/e1_000078.png,data/real/train/images/e1_000078.png,544,368
e1_000079,e1,000079,train,data/synthetic/train/images/e1_000079.png,data/real/train/images/e1_000079.png,544,368
e1_000080,e1,000080,train,data/synthetic/val/images/e1_000080.png,data/real/val/images/e1_000080.png,544,368
e1_000081,e1,000081,train,data/synthetic/train/images/e1_000081.png,data/real/train/images/e1_000081.png,544,368
e1_000082,e1,000082,train,data/synthetic/val/images/e1_000082.png,data/real/val/images/e1_000082.png,544,368
e1_000083,e1,000083,train,data/synthetic/train/images/e1_000083.png,data/real/train/images/e1_000083.png,544,368
e1_000084,e1,000084,train,data/synthetic/train/images/e1_000084.png,data/real/train/images/e1_000084.png,544,368
e1_000085,e1,000085,train,data/synthetic/val/images/e1_000085.png,data/real/val/images/e1_000085.png,544,368
e1_000086,e1,000086,train,data/synthetic/train/images/e1_000086.png,data/real/train/images/e1_000086.png,544,368
e1_000087,e1,000087,train,data/synthetic/train/images/e1_000087.png,data/real/train/images/e1_000087.png,544,368
e1_000088,e1,000088,train,data/synthetic/train/images/e1_000088.png,data/real/train/images/e1_000088.png,544,368
e1_000089,e1,000089,train,data/synthetic/val/images/e1_000089.png,data/real/val/images/e1_000089.png,544,368
e1_000090,e1,000090,train,data/synthetic/train/images/e1_000090.png,data/real/train/images/e1_000090.png,544,368
e1_000091,e1,000091,train,data/synthetic/train/images/e1_000091.png,data/real/train/images/e1_000091.png,544,368
e1_000092,e1,000092,train,data/synthetic/val/images/e1_000092.png,data/real/val/images/e1_000092.png,544,368
e1_000093,e1,000093,train,data/synthetic/train/images/e1_000093.png,data/real/train/images/e1_000093.png,544,368
e1_000094,e1,000094,train,data/synthetic/train/images/e1_000094.png,data/real/train/images/e1_000094.png,544,368
e1_000095,e1,000095,train,data/synthetic/train/images/e1_000095.png,data/real/train/images/e1_000095.png,544,368
e1_000096,e1,000096,train,data/synthetic/val/images/e1_000096.png,data/real/val/images/e1_000096.png,544,368
e1_000097,e1,000097,train,data/synthetic/train/images/e1_000097.png,data/real/train/images/e1_000097.png,544,368
e1_000098,e1,000098,train,data/synthetic/train/images/e1_000098.png,data/real/train/images/e1_000098.png,544,368
e1_000099,e1,000099,train,data/synthetic/train/images/e1_000099.png,data/real/train/images/e1_000099.png,544,368
e1_000100,e1,000100,train,data/synthetic/train/images/e1_000100.png,data/real/train/images/e1_000100.png,544,368
e1_000101,e1,000101,train,data/synthetic/train/images/e1_000101.png,data/real/train/images/e1_000101.png,544,368
e1_000102,e1,000102,train,data/synthetic/train/images/e1_000102.png,data/real/train/images/e1_000102.png,544,368
e1_000103,e1,000103,train,data/synthetic/train/images/e1_000103.png,data/real/train/images/e1_000103.png,544,368
e1_000104,e1,000104,train,data/synthetic/train/images/e1_000104.png,data/real/train/images/e1_000104.png,544,368
e1_000105,e1,000105,train,data/synthetic/train/images/e1_000105.png,data/real/train/images/e1_000105.png,544,368
e1_000106,e1,000106,train,data/synthetic/train/images/e1_000106.png,data/real/train/images/e1_000106.png,544,368
e1_000107,e1,000107,train,data/synthetic/val/images/e1_000107.png,data/real/val/images/e1_000107.png,544,368
e1_000108,e1,000108,train,data/synthetic/val/images/e1_000108.png,data/real/val/images/e1_000108.png,544,368
e1_000109,e1,000109,train,data/synthetic/train/images/e1_000109.png,data/real/train/images/e1_000109.png,544,368
e1_000110,e1,000110,train,data/synthetic/train/images/e1_000110.png,data/real/train/images/e1_000110.png,544,368
e1_000111,e1,000111,train,data/synthetic/train/images/e1_000111.png,data/real/train/images/e1_000111.png,544,368
e1_000112,e1,000112,train,data/synthetic/train/images/e1_000112.png,data/real/train/images/e1_000112.png,544,368
e1_000113,e1,000113,train,data/synthetic/val/images/e1_000113.png,data/real/val/images/e1_000113.png,544,368
e1_000114,e1,000114,train,data/synthetic/val/images/e1_000114.png,data/real/val/images/e1_000114.png,544,368
e1_000115,e1,000115,train,data/synthetic/train/images/e1_000115.png,data/real/train/images/e1_000115.png,544,368
e1_000116,e1,000116,train,data/synthetic/train/images/e1_000116.png,data/real/train/images/e1_000116.png,544,368
e1_000117,e1,000117,train,data/synthetic/train/images/e1_000117.png,data/real/train/images/e1_000117.png,544,368
e1_000118,e1,000118,train,data/synthetic/train/images/e1_000118.png,data/real/train/images/e1_000118.png,544,368
e1_000119,e1,000119,train,data/synthetic/train/images/e1_000119.png,data/real/train/images/e1_000119.png,544,368
e1_000120,e1,000120,train,data/synthetic/train/images/e1_000120.png,data/real/train/images/e1_000120.png,544,368
e1_000121,e1,000121,train,data/synthetic/train/images/e1_000121.png,data/real/train/images/e1_000121.png,544,368
e1_000122,e1,000122,train,data/synthetic/val/images/e1_000122.png,data/real/val/images/e1_000122.png,544,368
e1_000123,e1,000123,train,data/synthetic/train/images/e1_000123.png,data/real/train/images/e1_000123.png,544,368
e1_000124,e1,000124,train,data/synthetic/val/images/e1_000124.png,data/real/val/images/e1_000124.png,544,368
e1_000125,e1,000125,train,data/synthetic/train/images/e1_000125.png,data/real/train/images/e1_000125.png,544,368
e1_000126,e1,000126,train,data/synthetic/train/images/e1_000126.png,data/real/train/images/e1_000126.png,544,368
e1_000127,e1,000127,train,data/synthetic/train/images/e1_000127.png,data/real/train/images/e1_000127.png,544,368
e1_000128,e1,000128,train,data/synthetic/train/images/e1_000128.png,data/real/train/images/e1_000128.png,544,368
e1_000129,e1,000129,train,data/synthetic/train/images/e1_000129.png,data/real/train/images/e1_000129.png,544,368
e1_000130,e1,000130,train,data/synthetic/train/images/e1_000130.png,data/real/train/images/e1_000130.png,544,368
e1_000131,e1,000131,train,data/synthetic/train/images/e1_000131.png,data/real/train/images/e1_000131.png,544,368
e1_000132,e1,000132,train,data/synthetic/train/images/e1_000132.png,data/real/train/images/e1_000132.png,544,368
e1_000133,e1,000133,train,data/synthetic/train/images/e1_000133.png,data/real/train/images/e1_000133.png,544,368
e1_000134,e1,000134,train,data/synthetic/train/images/e1_000134.png,data/real/train/images/e1_000134.png,544,368
e1_000135,e1,000135,train,data/synthetic/train/images/e1_000135.png,data/real/train/images/e1_000135.png,544,368
e1_000136,e1,000136,train,data/synthetic/train/images/e1_000136.png,data/real/train/images/e1_000136.png,544,368
e1_000137,e1,000137,train,data/synthetic/train/images/e1_000137.png,data/real/train/images/e1_000137.png,544,368
e1_000138,e1,000138,train,data/synthetic/train/images/e1_000138.png,data/real/train/images/e1_000138.png,544,368
e1_000139,e1,000139,train,data/synthetic/train/images/e1_000139.png,data/real/train/images/e1_000139.png,544,368
e1_000140,e1,000140,train,data/synthetic/val/images/e1_000140.png,data/real/val/images/e1_000140.png,544,368
e1_000141,e1,000141,train,data/synthetic/val/images/e1_000141.png,data/real/val/images/e1_000141.png,544,368
e1_000142,e1,000142,train,data/synthetic/val/images/e1_000142.png,data/real/val/images/e1_000142.png,544,368
e1_000143,e1,000143,train,data/synthetic/train/images/e1_000143.png,data/real/train/images/e1_000143.png,544,368
e1_000144,e1,000144,train,data/synthetic/train/images/e1_000144.png,data/real/train/images/e1_000144.png,544,368
e1_000145,e1,000145,train,data/synthetic/train/images/e1_000145.png,data/real/train/images/e1_000145.png,544,368
e1_000146,e1,000146,train,data/synthetic/train/images/e1_000146.png,data/real/train/images/e1_000146.png,544,368
e1_000147,e1,000147,train,data/synthetic/train/images/e1_000147.png,data/real/train/images/e1_000147.png,544,368
e1_000148,e1,000148,train,data/synthetic/val/images/e1_000148.png,data/real/val/images/e1_000148.png,544,368
e1_000149,e1,000149,train,data/synthetic/train/images/e1_000149.png,data/real/train/images/e1_000149.png,544,368
e1_000150,e1,000150,train,data/synthetic/train/images/e1_000150.png,data/real/train/images/e1_000150.png,544,368
e1_000151,e1,000151,train,data/synthetic/train/images/e1_000151.png,data/real/train/images/e1_000151.png,544,368
e1_000152,e1,000152,train,data/synthetic/val/images/e1_000152.png,data/real/val/images/e1_000152.png,544,368
e1_000153,e1,000153,train,data/synthetic/train/images/e1_000153.png,data/real/train/images/e1_000153.png,544,368
e1_000154,e1,000154,train,data/synthetic/train/images/e1_000154.png,data/real/train/images/e1_000154.png,544,368
e1_000155,e1,000155,train,data/synthetic/train/images/e1_000155.png,data/real/train/images/e1_000155.png,544,368
e1_000156,e1,000156,train,data/synthetic/val/images/e1_000156.png,data/real/val/images/e1_000156.png,544,368
e1_000157,e1,000157,train,data/synthetic/train/images/e1_000157.png,data/real/train/images/e1_000157.png,544,368
e1_000158,e1,000158,train,data/synthetic/train/images/e1_000158.png,data/real/train/images/e1_000158.png,544,368
e1_000159,e1,000159,train,data/synthetic/val/images/e1_000159.png,data/real/val/images/e1_000159.png,544,368
e1_000160,e1,000160,train,data/synthetic/train/images/e1_000160.png,data/real/train/images/e1_000160.png,544,368
e1_000161,e1,000161,train,data/synthetic/val/images/e1_000161.png,data/real/val/images/e1_000161.png,544,368
e1_000162,e1,000162,train,data/synthetic/train/images/e1_000162.png,data/real/train/images/e1_000162.png,544,368
e1_000163,e1,000163,train,data/synthetic/train/images/e1_000163.png,data/real/train/images/e1_000163.png,544,368
e1_000164,e1,000164,train,data/synthetic/train/images/e1_000164.png,data/real/train/images/e1_000164.png,544,368
e1_000165,e1,000165,train,data/synthetic/train/images/e1_000165.png,data/real/train/images/e1_000165.png,544,368
e1_000166,e1,000166,train,data/synthetic/train/images/e1_000166.png,data/real/train/images/e1_000166.png,544,368
e1_000167,e1,000167,train,data/synthetic/train/images/e1_000167.png,data/real/train/images/e1_000167.png,544,368
e1_000168,e1,000168,train,data/synthetic/train/images/e1_000168.png,data/real/train/images/e1_000168.png,544,368
e1_000169,e1,000169,train,data/synthetic/train/images/e1_000169.png,data/real/train/images/e1_000169.png,544,368
e1_000170,e1,000170,train,data/synthetic/train/images/e1_000170.png,data/real/train/images/e1_000170.png,544,368
e1_000171,e1,000171,train,data/synthetic/val/images/e1_000171.png,data/real/val/images/e1_000171.png,544,368
e1_000172,e1,000172,train,data/synthetic/train/images/e1_000172.png,data/real/train/images/e1_000172.png,544,368
e1_000173,e1,000173,train,data/synthetic/train/images/e1_000173.png,data/real/train/images/e1_000173.png,544,368
e1_000174,e1,000174,train,data/synthetic/train/images/e1_000174.png,data/real/train/images/e1_000174.png,544,368
e1_000175,e1,000175,train,data/synthetic/val/images/e1_000175.png,data/real/val/images/e1_000175.png,544,368
e1_000176,e1,000176,train,data/synthetic/train/images/e1_000176.png,data/real/train/images/e1_000176.png,544,368
e1_000177,e1,000177,train,data/synthetic/train/images/e1_000177.png,data/real/train/images/e1_000177.png,544,368
e1_000178,e1,000178,train,data/synthetic/val/images/e1_000178.png,data/real/val/images/e1_000178.png,544,368
e1_000179,e1,000179,train,data/synthetic/train/images/e1_000179.png,data/real/train/images/e1_000179.png,544,368
e1_000180,e1,000180,train,data/synthetic/train/images/e1_000180.png,data/real/train/images/e1_000180.png,544,368
e1_000181,e1,000181,train,data/synthetic/train/images/e1_000181.png,data/real/train/images/e1_000181.png,544,368
e1_000182,e1,000182,train,data/synthetic/val/images/e1_000182.png,data/real/val/images/e1_000182.png,544,368
e1_000183,e1,000183,train,data/synthetic/train/images/e1_000183.png,data/real/train/images/e1_000183.png,544,368
e1_000184,e1,000184,train,data/synthetic/val/images/e1_000184.png,data/real/val/images/e1_000184.png,544,368
e1_000185,e1,000185,train,data/synthetic/train/images/e1_000185.png,data/real/train/images/e1_000185.png,544,368
e1_000186,e1,000186,train,data/synthetic/val/images/e1_000186.png,data/real/val/images/e1_000186.png,544,368
e1_000187,e1,000187,train,data/synthetic/val/images/e1_000187.png,data/real/val/images/e1_000187.png,544,368
e1_000188,e1,000188,train,data/synthetic/train/images/e1_000188.png,data/real/train/images/e1_000188.png,544,368
e1_000189,e1,000189,train,data/synthetic/train/images/e1_000189.png,data/real/train/images/e1_000189.png,544,368
e1_000190,e1,000190,train,data/synthetic/train/images/e1_000190.png,data/real/train/images/e1_000190.png,544,368
e1_000191,e1,000191,train,data/synthetic/val/images/e1_000191.png,data/real/val/images/e1_000191.png,544,368
e1_000192,e1,000192,train,data/synthetic/val/images/e1_000192.png,data/real/val/images/e1_000192.png,544,368
e1_000193,e1,000193,train,data/synthetic/train/images/e1_000193.png,data/real/train/images/e1_000193.png,544,368
e1_000194,e1,000194,train,data/synthetic/train/images/e1_000194.png,data/real/train/images/e1_000194.png,544,368
e1_000195,e1,000195,train,data/synthetic/val/images/e1_000195.png,data/real/val/images/e1_000195.png,544,368
e1_000196,e1,000196,train,data/synthetic/train/images/e1_000196.png,data/real/train/images/e1_000196.png,544,368
e1_000197,e1,000197,train,data/synthetic/train/images/e1_000197.png,data/real/train/images/e1_000197.png,544,368
e1_000198,e1,000198,train,data/synthetic/val/images/e1_000198.png,data/real/val/images/e1_000198.png,544,368
e1_000199,e1,000199,train,data/synthetic/train/images/e1_000199.png,data/real/train/images/e1_000199.png,544,368
e1_000200,e1,000200,train,data/synthetic/train/images/e1_000200.png,data/real/train/images/e1_000200.png,544,368
e1_000201,e1,000201,train,data/synthetic/train/images/e1_000201.png,data/real/train/images/e1_000201.png,544,368
e1_000202,e1,000202,train,data/synthetic/val/images/e1_000202.png,data/real/val/images/e1_000202.png,544,368
e1_000203,e1,000203,train,data/synthetic/train/images/e1_000203.png,data/real/train/images/e1_000203.png,544,368
e1_000204,e1,000204,train,data/synthetic/val/images/e1_000204.png,data/real/val/images/e1_000204.png,544,368
e1_000205,e1,000205,train,data/synthetic/train/images/e1_000205.png,data/real/train/images/e1_000205.png,544,368
e1_000206,e1,000206,train,data/synthetic/train/images/e1_000206.png,data/real/train/images/e1_000206.png,544,368
e1_000207,e1,000207,train,data/synthetic/train/images/e1_000207.png,data/real/train/images/e1_000207.png,544,368
e1_000208,e1,000208,train,data/synthetic/train/images/e1_000208.png,data/real/train/images/e1_000208.png,544,368
e1_000209,e1,000209,train,data/synthetic/train/images/e1_000209.png,data/real/train/images/e1_000209.png,544,368
e1_000210,e1,000210,train,data/synthetic/train/images/e1_000210.png,data/real/train/images/e1_000210.png,544,368
e1_000211,e1,000211,train,data/synthetic/val/images/e1_000211.png,data/real/val/images/e1_000211.png,544,368
e1_000212,e1,000212,train,data/synthetic/train/images/e1_000212.png,data/real/train/images/e1_000212.png,544,368
e1_000213,e1,000213,train,data/synthetic/train/images/e1_000213.png,data/real/train/images/e1_000213.png,544,368
e1_000214,e1,000214,train,data/synthetic/train/images/e1_000214.png,data/real/train/images/e1_000214.png,544,368
e1_000215,e1,000215,train,data/synthetic/val/images/e1_000215.png,data/real/val/images/e1_000215.png,544,368
e1_000216,e1,000216,train,data/synthetic/train/images/e1_000216.png,data/real/train/images/e1_000216.png,544,368
e1_000217,e1,000217,train,data/synthetic/train/images/e1_000217.png,data/real/train/images/e1_000217.png,544,368
e1_000218,e1,000218,train,data/synthetic/val/images/e1_000218.png,data/real/val/images/e1_000218.png,544,368
e1_000219,e1,000219,train,data/synthetic/val/images/e1_000219.png,data/real/val/images/e1_000219.png,544,368
e1_000220,e1,000220,train,data/synthetic/val/images/e1_000220.png,data/real/val/images/e1_000220.png,544,368
e1_000221,e1,000221,train,data/synthetic/train/images/e1_000221.png,data/real/train/images/e1_000221.png,544,368
e1_000222,e1,000222,train,data/synthetic/train/images/e1_000222.png,data/real/train/images/e1_000222.png,544,368
e1_000223,e1,000223,train,data/synthetic/val/images/e1_000223.png,data/real/val/images/e1_000223.png,544,368
e1_000224,e1,000224,train,data/synthetic/val/images/e1_000224.png,data/real/val/images/e1_000224.png,544,368
e1_000225,e1,000225,train,data/synthetic/train/images/e1_000225.png,data/real/train/images/e1_000225.png,544,368
e1_000226,e1,000226,train,data/synthetic/train/images/e1_000226.png,data/real/train/images/e1_000226.png,544,368
e1_000227,e1,000227,train,data/synthetic/val/images/e1_000227.png,data/real/val/images/e1_000227.png,544,368
e1_000228,e1,000228,train,data/synthetic/train/images/e1_000228.png,data/real/train/images/e1_000228.png,544,368
e1_000229,e1,000229,train,data/synthetic/train/images/e1_000229.png,data/real/train/images/e1_000229.png,544,368
e1_000230,e1,000230,train,data/synthetic/train/images/e1_000230.png,data/real/train/images/e1_000230.png,544,368
e1_000231,e1,000231,train,data/synthetic/val/images/e1_000231.png,data/real/val/images/e1_000231.png,544,368
e1_000232,e1,000232,train,data/synthetic/train/images/e1_000232.png,data/real/train/images/e1_000232.png,544,368
e1_000233,e1,000233,train,data/synthetic/val/images/e1_000233.png,data/real/val/images/e1_000233.png,544,368
e1_000234,e1,000234,train,data/synthetic/train/images/e1_000234.png,data/real/train/images/e1_000234.png,544,368
e1_000235,e1,000235,train,data/synthetic/train/images/e1_000235.png,data/real/train/images/e1_000235.png,544,368
e1_000236,e1,000236,train,data/synthetic/train/images/e1_000236.png,data/real/train/images/e1_000236.png,544,368
e1_000237,e1,000237,train,data/synthetic/train/images/e1_000237.png,data/real/train/images/e1_000237.png,544,368
e1_000238,e1,000238,train,data/synthetic/train/images/e1_000238.png,data/real/train/images/e1_000238.png,544,368
e1_000239,e1,000239,train,data/synthetic/train/images/e1_000239.png,data/real/train/images/e1_000239.png,544,368
e1_000240,e1,000240,train,data/synthetic/train/images/e1_000240.png,data/real/train/images/e1_000240.png,544,368
e1_000241,e1,000241,train,data/synthetic/val/images/e1_000241.png,data/real/val/images/e1_000241.png,544,368
e1_000242,e1,000242,train,data/synthetic/train/images/e1_000242.png,data/real/train/images/e1_000242.png,544,368
e1_000243,e1,000243,train,data/synthetic/train/images/e1_000243.png,data/real/train/images/e1_000243.png,544,368
e1_000244,e1,000244,train,data/synthetic/train/images/e1_000244.png,data/real/train/images/e1_000244.png,544,368
e1_000245,e1,000245,train,data/synthetic/train/images/e1_000245.png,data/real/train/images/e1_000245.png,544,368
e1_000246,e1,000246,train,data/synthetic/train/images/e1_000246.png,data/real/train/images/e1_000246.png,544,368
e1_000247,e1,000247,train,data/synthetic/val/images/e1_000247.png,data/real/val/images/e1_000247.png,544,368
e1_000248,e1,000248,train,data/synthetic/train/images/e1_000248.png,data/real/train/images/e1_000248.png,544,368
e1_000249,e1,000249,train,data/synthetic/train/images/e1_000249.png,data/real/train/images/e1_000249.png,544,368
e1_000250,e1,000250,train,data/synthetic/train/images/e1_000250.png,data/real/train/images/e1_000250.png,544,368
e1_000251,e1,000251,train,data/synthetic/train/images/e1_000251.png,data/real/train/images/e1_000251.png,544,368
e1_000252,e1,000252,train,data/synthetic/train/images/e1_000252.png,data/real/train/images/e1_000252.png,544,368
e1_000253,e1,000253,train,data/synthetic/val/images/e1_000253.png,data/real/val/images/e1_000253.png,544,368
e1_000254,e1,000254,train,data/synthetic/val/images/e1_000254.png,data/real/val/images/e1_000254.png,544,368
e1_000255,e1,000255,train,data/synthetic/train/images/e1_000255.png,data/real/train/images/e1_000255.png,544,368
e1_000256,e1,000256,train,data/synthetic/train/images/e1_000256.png,data/real/train/images/e1_000256.png,544,368
e1_000257,e1,000257,train,data/synthetic/train/images/e1_000257.png,data/real/train/images/e1_000257.png,544,368
e1_000258,e1,000258,train,data/synthetic/train/images/e1_000258.png,data/real/train/images/e1_000258.png,544,368
e1_000259,e1,000259,train,data/synthetic/val/images/e1_000259.png,data/real/val/images/e1_000259.png,544,368
e1_000260,e1,000260,train,data/synthetic/val/images/e1_000260.png,data/real/val/images/e1_000260.png,544,368
e1_000261,e1,000261,train,data/synthetic/train/images/e1_000261.png,data/real/train/images/e1_000261.png,544,368
e1_000262,e1,000262,train,data/synthetic/train/images/e1_000262.png,data/real/train/images/e1_000262.png,544,368
e1_000263,e1,000263,train,data/synthetic/train/images/e1_000263.png,data/real/train/images/e1_000263.png,544,368
e1_000264,e1,000264,train,data/synthetic/train/images/e1_000264.png,data/real/train/images/e1_000264.png,544,368
e1_000265,e1,000265,train,data/synthetic/train/images/e1_000265.png,data/real/train/images/e1_000265.png,544,368
e1_000266,e1,000266,train,data/synthetic/train/images/e1_000266.png,data/real/train/images/e1_000266.png,544,368
e1_000267,e1,000267,train,data/synthetic/train/images/e1_000267.png,data/real/train/images/e1_000267.png,544,368
e1_000268,e1,000268,train,data/synthetic/val/images/e1_000268.png,data/real/val/images/e1_000268.png,544,368
e1_000269,e1,000269,train,data/synthetic/train/images/e1_000269.png,data/real/train/images/e1_000269.png,544,368
e1_000270,e1,000270,train,data/synthetic/val/images/e1_000270.png,data/real/val/images/e1_000270.png,544,368
e1_000271,e1,000271,train,data/synthetic/train/images/e1_000271.png,data/real/train/images/e1_000271.png,544,368
e1_000272,e1,000272,train,data/synthetic/train/images/e1_000272.png,data/real/train/images/e1_000272.png,544,368
e1_000273,e1,000273,train,data/synthetic/train/images/e1_000273.png,data/real/train/images/e1_000273.png,544,368
e1_000274,e1,000274,train,data/synthetic/train/images/e1_000274.png,data/real/train/images/e1_000274.png,544,368
e1_000275,e1,000275,train,data/synthetic/train/images/e1_000275.png,data/real/train/images/e1_000275.png,544,368
e1_000276,e1,000276,train,data/synthetic/train/images/e1_000276.png,data/real/train/images/e1_000276.png,544,368
e1_000277,e1,000277,train,data/synthetic/train/images/e1_000277.png,data/real/train/images/e1_000277.png,544,368
e1_000278,e1,000278,train,data/synthetic/val/images/e1_000278.png,data/real/val/images/e1_000278.png,544,368
e1_000279,e1,000279,train,data/synthetic/val/images/e1_000279.png,data/real/val/images/e1_000279.png,544,368
e1_000280,e1,000280,train,data/synthetic/train/images/e1_000280.png,data/real/train/images/e1_000280.png,544,368
e1_000281,e1,000281,train,data/synthetic/train/images/e1_000281.png,data/real/train/images/e1_000281.png,544,368
e1_000282,e1,000282,train,data/synthetic/train/images/e1_000282.png,data/real/train/images/e1_000282.png,544,368
e1_000283,e1,000283,train,data/synthetic/train/images/e1_000283.png,data/real/train/images/e1_000283.png,544,368
e1_000284,e1,000284,train,data/synthetic/train/images/e1_000284.png,data/real/train/images/e1_000284.png,544,368
e1_000285,e1,000285,train,data/synthetic/train/images/e1_000285.png,data/real/train/images/e1_000285.png,544,368
e1_000286,e1,000286,train,data/synthetic/train/images/e1_000286.png,data/real/train/images/e1_000286.png,544,368
e1_000287,e1,000287,train,data/synthetic/train/images/e1_000287.png,data/real/train/images/e1_000287.png,544,368
e1_000288,e1,000288,train,data/synthetic/train/images/e1_000288.png,data/real/train/images/e1_000288.png,544,368
e1_000289,e1,000289,train,data/synthetic/train/images/e1_000289.png,data/real/train/images/e1_000289.png,544,368
e1_000290,e1,000290,train,data/synthetic/train/images/e1_000290.png,data/real/train/images/e1_000290.png,544,368
e1_000291,e1,000291,train,data/synthetic/train/images/e1_000291.png,data/real/train/images/e1_000291.png,544,368
e1_000292,e1,000292,train,data/synthetic/train/images/e1_000292.png,data/real/train/images/e1_000292.png,544,368
e1_000293,e1,000293,train,data/synthetic/train/images/e1_000293.png,data/real/train/images/e1_000293.png,544,368
e1_000294,e1,000294,train,data/synthetic/train/images/e1_000294.png,data/real/train/images/e1_000294.png,544,368
e1_000295,e1,000295,train,data/synthetic/val/images/e1_000295.png,data/real/val/images/e1_000295.png,544,368
e1_000296,e1,000296,train,data/synthetic/train/images/e1_000296.png,data/real/train/images/e1_000296.png,544,368
e1_000297,e1,000297,train,data/synthetic/train/images/e1_000297.png,data/real/train/images/e1_000297.png,544,368
e1_000298,e1,000298,train,data/synthetic/val/images/e1_000298.png,data/real/val/images/e1_000298.png,544,368
e1_000299,e1,000299,train,data/synthetic/val/images/e1_000299.png,data/real/val/images/e1_000299.png,544,368
e1_000300,e1,000300,train,data/synthetic/train/images/e1_000300.png,data/real/train/images/e1_000300.png,544,368
e1_000301,e1,000301,train,data/synthetic/train/images/e1_000301.png,data/real/train/images/e1_000301.png,544,368
e1_000302,e1,000302,train,data/synthetic/val/images/e1_000302.png,data/real/val/images/e1_000302.png,544,368
e1_000303,e1,000303,train,data/synthetic/val/images/e1_000303.png,data/real/val/images/e1_000303.png,544,368
e1_000304,e1,000304,train,data/synthetic/train/images/e1_000304.png,data/real/train/images/e1_000304.png,544,368
e1_000305,e1,000305,train,data/synthetic/train/images/e1_000305.png,data/real/train/images/e1_000305.png,544,368
e1_000306,e1,000306,train,data/synthetic/train/images/e1_000306.png,data/real/train/images/e1_000306.png,544,368
e1_000307,e1,000307,train,data/synthetic/train/images/e1_000307.png,data/real/train/images/e1_000307.png,544,368
e1_000308,e1,000308,train,data/synthetic/val/images/e1_000308.png,data/real/val/images/e1_000308.png,544,368
e1_000309,e1,000309,train,data/synthetic/val/images/e1_000309.png,data/real/val/images/e1_000309.png,544,368
e1_000310,e1,000310,train,data/synthetic/val/images/e1_000310.png,data/real/val/images/e1_000310.png,544,368
e1_000311,e1,000311,train,data/synthetic/train/images/e1_000311.png,data/real/train/images/e1_000311.png,544,368
e1_000312,e1,000312,train,data/synthetic/val/images/e1_000312.png,data/real/val/images/e1_000312.png,544,368
e1_000313,e1,000313,train,data/synthetic/train/images/e1_000313.png,data/real/train/images/e1_000313.png,544,368
e1_000314,e1,000314,train,data/synthetic/train/images/e1_000314.png,data/real/train/images/e1_000314.png,544,368
e1_000315,e1,000315,train,data/synthetic/val/images/e1_000315.png,data/real/val/images/e1_000315.png,544,368
e1_000316,e1,000316,train,data/synthetic/train/images/e1_000316.png,data/real/train/images/e1_000316.png,544,368
e1_000317,e1,000317,train,data/synthetic/val/images/e1_000317.png,data/real/val/images/e1_000317.png,544,368
e1_000318,e1,000318,train,data/synthetic/train/images/e1_000318.png,data/real/train/images/e1_000318.png,544,368
e1_000319,e1,000319,train,data/synthetic/val/images/e1_000319.png,data/real/val/images/e1_000319.png,544,368
e1_000320,e1,000320,train,data/synthetic/train/images/e1_000320.png,data/real/train/images/e1_000320.png,544,368
e1_000321,e1,000321,train,data/synthetic/train/images/e1_000321.png,data/real/train/images/e1_000321.png,544,368
e1_000322,e1,000322,train,data/synthetic/val/images/e1_000322.png,data/real/val/images/e1_000322.png,544,368
e1_000323,e1,000323,train,data/synthetic/train/images/e1_000323.png,data/real/train/images/e1_000323.png,544,368
e1_000324,e1,000324,train,data/synthetic/train/images/e1_000324.png,data/real/train/images/e1_000324.png,544,368
e1_000325,e1,000325,train,data/synthetic/train/images/e1_000325.png,data/real/train/images/e1_000325.png,544,368
e1_000326,e1,000326,train,data/synthetic/val/images/e1_000326.png,data/real/val/images/e1_000326.png,544,368
e1_000327,e1,000327,train,data/synthetic/train/images/e1_000327.png,data/real/train/images/e1_000327.png,544,368
e1_000328,e1,000328,train,data/synthetic/train/images/e1_000328.png,data/real/train/images/e1_000328.png,544,368
e1_000329,e1,000329,train,data/synthetic/train/images/e1_000329.png,data/real/train/images/e1_000329.png,544,368
e1_000330,e1,000330,train,data/synthetic/val/images/e1_000330.png,data/real/val/images/e1_000330.png,544,368
e1_000331,e1,000331,train,data/synthetic/train/images/e1_000331.png,data/real/train/images/e1_000331.png,544,368
e1_000332,e1,000332,train,data/synthetic/train/images/e1_000332.png,data/real/train/images/e1_000332.png,544,368
e1_000333,e1,000333,train,data/synthetic/val/images/e1_000333.png,data/real/val/images/e1_000333.png,544,368
e1_000334,e1,000334,train,data/synthetic/train/images/e1_000334.png,data/real/train/images/e1_000334.png,544,368
e1_000335,e1,000335,train,data/synthetic/train/images/e1_000335.png,data/real/train/images/e1_000335.png,544,368
e1_000336,e1,000336,train,data/synthetic/train/images/e1_000336.png,data/real/train/images/e1_000336.png,544,368
e1_000337,e1,000337,train,data/synthetic/train/images/e1_000337.png,data/real/train/images/e1_000337.png,544,368
e1_000338,e1,000338,train,data/synthetic/train/images/e1_000338.png,data/real/train/images/e1_000338.png,544,368
e1_000339,e1,000339,train,data/synthetic/train/images/e1_000339.png,data/real/train/images/e1_000339.png,544,368
e1_000340,e1,000340,train,data/synthetic/train/images/e1_000340.png,data/real/train/images/e1_000340.png,544,368
e1_000341,e1,000341,train,data/synthetic/train/images/e1_000341.png,data/real/train/images/e1_000341.png,544,368
e1_000342,e1,000342,train,data/synthetic/val/images/e1_000342.png,data/real/val/images/e1_000342.png,544,368
e1_000343,e1,000343,train,data/synthetic/train/images/e1_000343.png,data/real/train/images/e1_000343.png,544,368
e1_000344,e1,000344,train,data/synthetic/train/images/e1_000344.png,data/real/train/images/e1_000344.png,544,368
e1_000345,e1,000345,train,data/synthetic/train/images/e1_000345.png,data/real/train/images/e1_000345.png,544,368
e1_000346,e1,000346,train,data/synthetic/train/images/e1_000346.png,data/real/train/images/e1_000346.png,544,368
e1_000347,e1,000347,train,data/synthetic/val/images/e1_000347.png,data/real/val/images/e1_000347.png,544,368
e1_000348,e1,000348,train,data/synthetic/train/images/e1_000348.png,data/real/train/images/e1_000348.png,544,368
e1_000349,e1,000349,train,data/synthetic/train/images/e1_000349.png,data/real/train/images/e1_000349.png,544,368
e1_000350,e1,000350,train,data/synthetic/train/images/e1_000350.png,data/real/train/images/e1_000350.png,544,368
e1_000351,e1,000351,train,data/synthetic/train/images/e1_000351.png,data/real/train/images/e1_000351.png,544,368
e1_000352,e1,000352,train,data/synthetic/train/images/e1_000352.png,data/real/train/images/e1_000352.png,544,368
e1_000353,e1,000353,train,data/synthetic/val/images/e1_000353.png,data/real/val/images/e1_000353.png,544,368
e1_000354,e1,000354,train,data/synthetic/val/images/e1_000354.png,data/real/val/images/e1_000354.png,544,368
e1_000355,e1,000355,train,data/synthetic/train/images/e1_000355.png,data/real/train/images/e1_000355.png,544,368
e1_000356,e1,000356,train,data/synthetic/train/images/e1_000356.png,data/real/train/images/e1_000356.png,544,368
e1_000357,e1,000357,train,data/synthetic/train/images/e1_000357.png,data/real/train/images/e1_000357.png,544,368
e1_000358,e1,000358,train,data/synthetic/train/images/e1_000358.png,data/real/train/images/e1_000358.png,544,368
e1_000359,e1,000359,train,data/synthetic/train/images/e1_000359.png,data/real/train/images/e1_000359.png,544,368
e1_000360,e1,000360,train,data/synthetic/val/images/e1_000360.png,data/real/val/images/e1_000360.png,544,368
e1_000361,e1,000361,train,data/synthetic/val/images/e1_000361.png,data/real/val/images/e1_000361.png,544,368
e1_000362,e1,000362,train,data/synthetic/val/images/e1_000362.png,data/real/val/images/e1_000362.png,544,368
e1_000363,e1,000363,train,data/synthetic/train/images/e1_000363.png,data/real/train/images/e1_000363.png,544,368
e1_000364,e1,000364,train,data/synthetic/val/images/e1_000364.png,data/real/val/images/e1_000364.png,544,368
e1_000365,e1,000365,train,data/synthetic/train/images/e1_000365.png,data/real/train/images/e1_000365.png,544,368
e1_000366,e1,000366,train,data/synthetic/train/images/e1_000366.png,data/real/train/images/e1_000366.png,544,368
e1_000367,e1,000367,train,data/synthetic/train/images/e1_000367.png,data/real/train/images/e1_000367.png,544,368
e1_000368,e1,000368,train,data/synthetic/train/images/e1_000368.png,data/real/train/images/e1_000368.png,544,368
e1_000369,e1,000369,train,data/synthetic/train/images/e1_000369.png,data/real/train/images/e1_000369.png,544,368
e1_000370,e1,000370,train,data/synthetic/train/images/e1_000370.png,data/real/train/images/e1_000370.png,544,368
e1_000371,e1,000371,train,data/synthetic/train/images/e1_000371.png,data/real/train/images/e1_000371.png,544,368
e1_000372,e1,000372,train,data/synthetic/train/images/e1_000372.png,data/real/train/images/e1_000372.png,544,368
e1_000373,e1,000373,train,data/synthetic/train/images/e1_000373.png,data/real/train/images/e1_000373.png,544,368
e1_000374,e1,000374,train,data/synthetic/train/images/e1_000374.png,data/real/train/images/e1_000374.png,544,368
e1_000375,e1,000375,train,data/synthetic/train/images/e1_000375.png,data/real/train/images/e1_000375.png,544,368
e1_000376,e1,000376,train,data/synthetic/val/images/e1_000376.png,data/real/val/images/e1_000376.png,544,368
e1_000377,e1,000377,train,data/synthetic/train/images/e1_000377.png,data/real/train/images/e1_000377.png,544,368
e1_000378,e1,000378,train,data/synthetic/train/images/e1_000378.png,data/real/train/images/e1_000378.png,544,368
e1_000379,e1,000379,train,data/synthetic/train/images/e1_000379.png,data/real/train/images/e1_000379.png,544,368
e1_000380,e1,000380,train,data/synthetic/train/images/e1_000380.png,data/real/train/images/e1_000380.png,544,368
e1_000381,e1,000381,train,data/synthetic/val/images/e1_000381.png,data/real/val/images/e1_000381.png,544,368
e1_000382,e1,000382,train,data/synthetic/train/images/e1_000382.png,data/real/train/images/e1_000382.png,544,368
e1_000383,e1,000383,train,data/synthetic/train/images/e1_000383.png,data/real/train/images/e1_000383.png,544,368
e1_000384,e1,000384,train,data/synthetic/train/images/e1_000384.png,data/real/train/images/e1_000384.png,544,368
e1_000385,e1,000385,train,data/synthetic/train/images/e1_000385.png,data/real/train/images/e1_000385.png,544,368
e1_000386,e1,000386,train,data/synthetic/train/images/e1_000386.png,data/real/train/images/e1_000386.png,544,368
e1_000387,e1,000387,train,data/synthetic/train/images/e1_000387.png,data/real/train/images/e1_000387.png,544,368
e1_000388,e1,000388,train,data/synthetic/train/images/e1_000388.png,data/real/train/images/e1_000388.png,544,368
e1_000389,e1,000389,train,data/synthetic/train/images/e1_000389.png,data/real/train/images/e1_000389.png,544,368
e1_000390,e1,000390,train,data/synthetic/val/images/e1_000390.png,data/real/val/images/e1_000390.png,544,368
e1_000391,e1,000391,train,data/synthetic/train/images/e1_000391.png,data/real/train/images/e1_000391.png,544,368
e1_000392,e1,000392,train,data/synthetic/train/images/e1_000392.png,data/real/train/images/e1_000392.png,544,368
e1_000393,e1,000393,train,data/synthetic/val/images/e1_000393.png,data/real/val/images/e1_000393.png,544,368
e1_000394,e1,000394,train,data/synthetic/train/images/e1_000394.png,data/real/train/images/e1_000394.png,544,368
e1_000395,e1,000395,train,data/synthetic/train/images/e1_000395.png,data/real/train/images/e1_000395.png,544,368
e1_000396,e1,000396,train,data/synthetic/train/images/e1_000396.png,data/real/train/images/e1_000396.png,544,368
e1_000397,e1,000397,train,data/synthetic/train/images/e1_000397.png,data/real/train/images/e1_000397.png,544,368
e1_000398,e1,000398,train,data/synthetic/train/images/e1_000398.png,data/real/train/images/e1_000398.png,544,368
e1_000399,e1,000399,train,data/synthetic/val/images/e1_000399.png,data/real/val/images/e1_000399.png,544,368
e1_000400,e1,000400,train,data/synthetic/train/images/e1_000400.png,data/real/train/images/e1_000400.png,544,368
e1_000401,e1,000401,train,data/synthetic/val/images/e1_000401.png,data/real/val/images/e1_000401.png,544,368
e1_000402,e1,000402,train,data/synthetic/val/images/e1_000402.png,data/real/val/images/e1_000402.png,544,368
e1_000403,e1,000403,train,data/synthetic/train/images/e1_000403.png,data/real/train/images/e1_000403.png,544,368
e1_000404,e1,000404,train,data/synthetic/train/images/e1_000404.png,data/real/train/images/e1_000404.png,544,368
e1_000405,e1,000405,train,data/synthetic/train/images/e1_000405.png,data/real/train/images/e1_000405.png,544,368
e1_000406,e1,000406,train,data/synthetic/train/images/e1_000406.png,data/real/train/images/e1_000406.png,544,368
e1_000407,e1,000407,train,data/synthetic/train/images/e1_000407.png,data/real/train/images/e1_000407.png,544,368
e1_000408,e1,000408,train,data/synthetic/val/images/e1_000408.png,data/real/val/images/e1_000408.png,544,368
e1_000409,e1,000409,train,data/synthetic/train/images/e1_000409.png,data/real/train/images/e1_000409.png,544,368
e1_000410,e1,000410,train,data/synthetic/train/images/e1_000410.png,data/real/train/images/e1_000410.png,544,368
e1_000411,e1,000411,train,data/synthetic/train/images/e1_000411.png,data/real/train/images/e1_000411.png,544,368
e1_000412,e1,000412,train,data/synthetic/val/images/e1_000412.png,data/real/val/images/e1_000412.png,544,368
e1_000413,e1,000413,train,data/synthetic/train/images/e1_000413.png,data/real/train/images/e1_000413.png,544,368
e1_000414,e1,000414,train,data/synthetic/val/images/e1_000414.png,data/real/val/images/e1_000414.png,544,368
e1_000415,e1,000415,train,data/synthetic/train/images/e1_000415.png,data/real/train/images/e1_000415.png,544,368
e1_000416,e1,000416,train,data/synthetic/train/images/e1_000416.png,data/real/train/images/e1_000416.png,544,368
e1_000417,e1,000417,train,data/synthetic/train/images/e1_000417.png,data/real/train/images/e1_000417.png,544,368
e1_000418,e1,000418,train,data/synthetic/train/images/e1_000418.png,data/real/train/images/e1_000418.png,544,368
e1_000419,e1,000419,train,data/synthetic/train/images/e1_000419.png,data/real/train/images/e1_000419.png,544,368
e1_000420,e1,000420,train,data/synthetic/val/images/e1_000420.png,data/real/val/images/e1_000420.png,544,368
e1_000421,e1,000421,train,data/synthetic/train/images/e1_000421.png,data/real/train/images/e1_000421.png,544,368
e1_000422,e1,000422,train,data/synthetic/val/images/e1_000422.png,data/real/val/images/e1_000422.png,544,368
e1_000423,e1,000423,train,data/synthetic/train/images/e1_000423.png,data/real/train/images/e1_000423.png,544,368
e1_000424,e1,000424,train,data/synthetic/train/images/e1_000424.png,data/real/train/images/e1_000424.png,544,368
e1_000425,e1,000425,train,data/synthetic/val/images/e1_000425.png,data/real/val/images/e1_000425.png,544,368
e1_000426,e1,000426,train,data/synthetic/train/images/e1_000426.png,data/real/train/images/e1_000426.png,544,368
e1_000427,e1,000427,train,data/synthetic/val/images/e1_000427.png,data/real/val/images/e1_000427.png,544,368
e1_000428,e1,000428,train,data/synthetic/train/images/e1_000428.png,data/real/train/images/e1_000428.png,544,368
e1_000429,e1,000429,train,data/synthetic/train/images/e1_000429.png,data/real/train/images/e1_000429.png,544,368
e1_000430,e1,000430,train,data/synthetic/train/images/e1_000430.png,data/real/train/images/e1_000430.png,544,368
e1_000431,e1,000431,train,data/synthetic/train/images/e1_000431.png,data/real/train/images/e1_000431.png,544,368
e1_000432,e1,000432,train,data/synthetic/val/images/e1_000432.png,data/real/val/images/e1_000432.png,544,368
e1_000433,e1,000433,train,data/synthetic/train/images/e1_000433.png,data/real/train/images/e1_000433.png,544,368
e1_000434,e1,000434,train,data/synthetic/val/images/e1_000434.png,data/real/val/images/e1_000434.png,544,368
e1_000435,e1,000435,train,data/synthetic/val/images/e1_000435.png,data/real/val/images/e1_000435.png,544,368
e1_000436,e1,000436,train,data/synthetic/val/images/e1_000436.png,data/real/val/images/e1_000436.png,544,368
e1_000437,e1,000437,train,data/synthetic/train/images/e1_000437.png,data/real/train/images/e1_000437.png,544,368
e1_000438,e1,000438,train,data/synthetic/val/images/e1_000438.png,data/real/val/images/e1_000438.png,544,368
e1_000439,e1,000439,train,data/synthetic/train/images/e1_000439.png,data/real/train/images/e1_000439.png,544,368
e1_000440,e1,000440,train,data/synthetic/val/images/e1_000440.png,data/real/val/images/e1_000440.png,544,368
e1_000441,e1,000441,train,data/synthetic/train/images/e1_000441.png,data/real/train/images/e1_000441.png,544,368
e1_000442,e1,000442,train,data/synthetic/val/images/e1_000442.png,data/real/val/images/e1_000442.png,544,368
e1_000443,e1,000443,train,data/synthetic/val/images/e1_000443.png,data/real/val/images/e1_000443.png,544,368
e1_000444,e1,000444,train,data/synthetic/train/images/e1_000444.png,data/real/train/images/e1_000444.png,544,368
e1_000445,e1,000445,train,data/synthetic/val/images/e1_000445.png,data/real/val/images/e1_000445.png,544,368
e1_000446,e1,000446,train,data/synthetic/val/images/e1_000446.png,data/real/val/images/e1_000446.png,544,368
e2_000000,e2,000000,val,data/synthetic/train/images/e2_000000.png,data/real/train/images/e2_000000.png,544,368
e2_000001,e2,000001,val,data/synthetic/train/images/e2_000001.png,data/real/train/images/e2_000001.png,544,368
e2_000002,e2,000002,val,data/synthetic/train/images/e2_000002.png,data/real/train/images/e2_000002.png,544,368
e2_000003,e2,000003,val,data/synthetic/train/images/e2_000003.png,data/real/train/images/e2_000003.png,544,368
e2_000004,e2,000004,val,data/synthetic/train/images/e2_000004.png,data/real/train/images/e2_000004.png,544,368
e2_000005,e2,000005,val,data/synthetic/train/images/e2_000005.png,data/real/train/images/e2_000005.png,544,368
e2_000006,e2,000006,val,data/synthetic/train/images/e2_000006.png,data/real/train/images/e2_000006.png,544,368
e2_000007,e2,000007,val,data/synthetic/train/images/e2_000007.png,data/real/train/images/e2_000007.png,544,368
e2_000008,e2,000008,val,data/synthetic/train/images/e2_000008.png,data/real/train/images/e2_000008.png,544,368
e2_000009,e2,000009,val,data/synthetic/train/images/e2_000009.png,data/real/train/images/e2_000009.png,544,368
e2_000010,e2,000010,val,data/synthetic/train/images/e2_000010.png,data/real/train/images/e2_000010.png,544,368
e2_000011,e2,000011,val,data/synthetic/val/images/e2_000011.png,data/real/val/images/e2_000011.png,544,368
e2_000012,e2,000012,val,data/synthetic/train/images/e2_000012.png,data/real/train/images/e2_000012.png,544,368
e2_000013,e2,000013,val,data/synthetic/val/images/e2_000013.png,data/real/val/images/e2_000013.png,544,368
e2_000014,e2,000014,val,data/synthetic/val/images/e2_000014.png,data/real/val/images/e2_000014.png,544,368
e2_000015,e2,000015,val,data/synthetic/train/images/e2_000015.png,data/real/train/images/e2_000015.png,544,368
e2_000016,e2,000016,val,data/synthetic/train/images/e2_000016.png,data/real/train/images/e2_000016.png,544,368
e2_000017,e2,000017,val,data/synthetic/val/images/e2_000017.png,data/real/val/images/e2_000017.png,544,368
e2_000018,e2,000018,val,data/synthetic/train/images/e2_000018.png,data/real/train/images/e2_000018.png,544,368
e2_000019,e2,000019,val,data/synthetic/train/images/e2_000019.png,data/real/train/images/e2_000019.png,544,368
e2_000020,e2,000020,val,data/synthetic/train/images/e2_000020.png,data/real/train/images/e2_000020.png,544,368
e2_000021,e2,000021,val,data/synthetic/train/images/e2_000021.png,data/real/train/images/e2_000021.png,544,368
e2_000022,e2,000022,val,data/synthetic/train/images/e2_000022.png,data/real/train/images/e2_000022.png,544,368
e2_000023,e2,000023,val,data/synthetic/val/images/e2_000023.png,data/real/val/images/e2_000023.png,544,368
e2_000024,e2,000024,val,data/synthetic/val/images/e2_000024.png,data/real/val/images/e2_000024.png,544,368
e2_000025,e2,000025,val,data/synthetic/train/images/e2_000025.png,data/real/train/images/e2_000025.png,544,368
e2_000026,e2,000026,val,data/synthetic/train/images/e2_000026.png,data/real/train/images/e2_000026.png,544,368
e2_000027,e2,000027,val,data/synthetic/val/images/e2_000027.png,data/real/val/images/e2_000027.png,544,368
e2_000028,e2,000028,val,data/synthetic/train/images/e2_000028.png,data/real/train/images/e2_000028.png,544,368
e2_000029,e2,000029,val,data/synthetic/val/images/e2_000029.png,data/real/val/images/e2_000029.png,544,368
e2_000030,e2,000030,val,data/synthetic/train/images/e2_000030.png,data/real/train/images/e2_000030.png,544,368
e2_000031,e2,000031,val,data/synthetic/train/images/e2_000031.png,data/real/train/images/e2_000031.png,544,368
e2_000032,e2,000032,val,data/synthetic/train/images/e2_000032.png,data/real/train/images/e2_000032.png,544,368
e2_000033,e2,000033,val,data/synthetic/val/images/e2_000033.png,data/real/val/images/e2_000033.png,544,368
e2_000034,e2,000034,val,data/synthetic/train/images/e2_000034.png,data/real/train/images/e2_000034.png,544,368
e2_000035,e2,000035,val,data/synthetic/val/images/e2_000035.png,data/real/val/images/e2_000035.png,544,368
e2_000036,e2,000036,val,data/synthetic/train/images/e2_000036.png,data/real/train/images/e2_000036.png,544,368
e2_000037,e2,000037,val,data/synthetic/train/images/e2_000037.png,data/real/train/images/e2_000037.png,544,368
e2_000038,e2,000038,val,data/synthetic/train/images/e2_000038.png,data/real/train/images/e2_000038.png,544,368
e2_000039,e2,000039,val,data/synthetic/train/images/e2_000039.png,data/real/train/images/e2_000039.png,544,368
e2_000040,e2,000040,val,data/synthetic/val/images/e2_000040.png,data/real/val/images/e2_000040.png,544,368
e2_000041,e2,000041,val,data/synthetic/train/images/e2_000041.png,data/real/train/images/e2_000041.png,544,368
e2_000042,e2,000042,val,data/synthetic/train/images/e2_000042.png,data/real/train/images/e2_000042.png,544,368
e2_000043,e2,000043,val,data/synthetic/train/images/e2_000043.png,data/real/train/images/e2_000043.png,544,368
e2_000044,e2,000044,val,data/synthetic/val/images/e2_000044.png,data/real/val/images/e2_000044.png,544,368
e2_000045,e2,000045,val,data/synthetic/train/images/e2_000045.png,data/real/train/images/e2_000045.png,544,368
e2_000046,e2,000046,val,data/synthetic/train/images/e2_000046.png,data/real/train/images/e2_000046.png,544,368
e2_000047,e2,000047,val,data/synthetic/train/images/e2_000047.png,data/real/train/images/e2_000047.png,544,368
e2_000048,e2,000048,val,data/synthetic/val/images/e2_000048.png,data/real/val/images/e2_000048.png,544,368
e2_000049,e2,000049,val,data/synthetic/train/images/e2_000049.png,data/real/train/images/e2_000049.png,544,368
e2_000050,e2,000050,val,data/synthetic/train/images/e2_000050.png,data/real/train/images/e2_000050.png,544,368
e2_000051,e2,000051,val,data/synthetic/train/images/e2_000051.png,data/real/train/images/e2_000051.png,544,368
e2_000052,e2,000052,val,data/synthetic/val/images/e2_000052.png,data/real/val/images/e2_000052.png,544,368
e2_000053,e2,000053,val,data/synthetic/val/images/e2_000053.png,data/real/val/images/e2_000053.png,544,368
e2_000054,e2,000054,val,data/synthetic/val/images/e2_000054.png,data/real/val/images/e2_000054.png,544,368
e2_000055,e2,000055,val,data/synthetic/val/images/e2_000055.png,data/real/val/images/e2_000055.png,544,368
e2_000056,e2,000056,val,data/synthetic/train/images/e2_000056.png,data/real/train/images/e2_000056.png,544,368
e2_000057,e2,000057,val,data/synthetic/train/images/e2_000057.png,data/real/train/images/e2_000057.png,544,368
e2_000058,e2,000058,val,data/synthetic/train/images/e2_000058.png,data/real/train/images/e2_000058.png,544,368
e2_000059,e2,000059,val,data/synthetic/val/images/e2_000059.png,data/real/val/images/e2_000059.png,544,368
e2_000060,e2,000060,val,data/synthetic/val/images/e2_000060.png,data/real/val/images/e2_000060.png,544,368
e2_000061,e2,000061,val,data/synthetic/train/images/e2_000061.png,data/real/train/images/e2_000061.png,544,368
e2_000062,e2,000062,val,data/synthetic/train/images/e2_000062.png,data/real/train/images/e2_000062.png,544,368
e2_000063,e2,000063,val,data/synthetic/train/images/e2_000063.png,data/real/train/images/e2_000063.png,544,368
e2_000064,e2,000064,val,data/synthetic/train/images/e2_000064.png,data/real/train/images/e2_000064.png,544,368
e2_000065,e2,000065,val,data/synthetic/train/images/e2_000065.png,data/real/train/images/e2_000065.png,544,368
e2_000066,e2,000066,val,data/synthetic/train/images/e2_000066.png,data/real/train/images/e2_000066.png,544,368
e2_000067,e2,000067,val,data/synthetic/train/images/e2_000067.png,data/real/train/images/e2_000067.png,544,368
e2_000068,e2,000068,val,data/synthetic/train/images/e2_000068.png,data/real/train/images/e2_000068.png,544,368
e2_000069,e2,000069,val,data/synthetic/train/images/e2_000069.png,data/real/train/images/e2_000069.png,544,368
e2_000070,e2,000070,val,data/synthetic/val/images/e2_000070.png,data/real/val/images/e2_000070.png,544,368
e2_000071,e2,000071,val,data/synthetic/train/images/e2_000071.png,data/real/train/images/e2_000071.png,544,368
e2_000072,e2,000072,val,data/synthetic/val/images/e2_000072.png,data/real/val/images/e2_000072.png,544,368
e2_000073,e2,000073,val,data/synthetic/train/images/e2_000073.png,data/real/train/images/e2_000073.png,544,368
e2_000074,e2,000074,val,data/synthetic/train/images/e2_000074.png,data/real/train/images/e2_000074.png,544,368
e2_000075,e2,000075,val,data/synthetic/train/images/e2_000075.png,data/real/train/images/e2_000075.png,544,368
e2_000076,e2,000076,val,data/synthetic/train/images/e2_000076.png,data/real/train/images/e2_000076.png,544,368
e2_000077,e2,000077,val,data/synthetic/val/images/e2_000077.png,data/real/val/images/e2_000077.png,544,368
e2_000078,e2,000078,val,data/synthetic/val/images/e2_000078.png,data/real/val/images/e2_000078.png,544,368
e2_000079,e2,000079,val,data/synthetic/train/images/e2_000079.png,data/real/train/images/e2_000079.png,544,368
e2_000080,e2,000080,val,data/synthetic/val/images/e2_000080.png,data/real/val/images/e2_000080.png,544,368
e2_000081,e2,000081,val,data/synthetic/train/images/e2_000081.png,data/real/train/images/e2_000081.png,544,368
e2_000082,e2,000082,val,data/synthetic/train/images/e2_000082.png,data/real/train/images/e2_000082.png,544,368
e2_000083,e2,000083,val,data/synthetic/train/images/e2_000083.png,data/real/train/images/e2_000083.png,544,368
e2_000084,e2,000084,val,data/synthetic/val/images/e2_000084.png,data/real/val/images/e2_000084.png,544,368
e2_000085,e2,000085,val,data/synthetic/train/images/e2_000085.png,data/real/train/images/e2_000085.png,544,368
e2_000086,e2,000086,val,data/synthetic/train/images/e2_000086.png,data/real/train/images/e2_000086.png,544,368
e2_000087,e2,000087,val,data/synthetic/train/images/e2_000087.png,data/real/train/images/e2_000087.png,544,368
e2_000088,e2,000088,val,data/synthetic/val/images/e2_000088.png,data/real/val/images/e2_000088.png,544,368
e2_000089,e2,000089,val,data/synthetic/val/images/e2_000089.png,data/real/val/images/e2_000089.png,544,368
e2_000090,e2,000090,val,data/synthetic/train/images/e2_000090.png,data/real/train/images/e2_000090.png,544,368
e2_000091,e2,000091,val,data/synthetic/val/images/e2_000091.png,data/real/val/images/e2_000091.png,544,368
e2_000092,e2,000092,val,data/synthetic/train/images/e2_000092.png,data/real/train/images/e2_000092.png,544,368
e2_000093,e2,000093,val,data/synthetic/val/images/e2_000093.png,data/real/val/images/e2_000093.png,544,368
e2_000094,e2,000094,val,data/synthetic/train/images/e2_000094.png,data/real/train/images/e2_000094.png,544,368
e2_000095,e2,000095,val,data/synthetic/train/images/e2_000095.png,data/real/train/images/e2_000095.png,544,368
e2_000096,e2,000096,val,data/synthetic/train/images/e2_000096.png,data/real/train/images/e2_000096.png,544,368
e2_000097,e2,000097,val,data/synthetic/train/images/e2_000097.png,data/real/train/images/e2_000097.png,544,368
e2_000098,e2,000098,val,data/synthetic/train/images/e2_000098.png,data/real/train/images/e2_000098.png,544,368
e2_000099,e2,000099,val,data/synthetic/train/images/e2_000099.png,data/real/train/images/e2_000099.png,544,368
e2_000100,e2,000100,val,data/synthetic/train/images/e2_000100.png,data/real/train/images/e2_000100.png,544,368
e2_000101,e2,000101,val,data/synthetic/train/images/e2_000101.png,data/real/train/images/e2_000101.png,544,368
e2_000102,e2,000102,val,data/synthetic/val/images/e2_000102.png,data/real/val/images/e2_000102.png,544,368
e2_000103,e2,000103,val,data/synthetic/val/images/e2_000103.png,data/real/val/images/e2_000103.png,544,368
e2_000104,e2,000104,val,data/synthetic/val/images/e2_000104.png,data/real/val/images/e2_000104.png,544,368
e2_000105,e2,000105,val,data/synthetic/val/images/e2_000105.png,data/real/val/images/e2_000105.png,544,368
e2_000106,e2,000106,val,data/synthetic/train/images/e2_000106.png,data/real/train/images/e2_000106.png,544,368
e2_000107,e2,000107,val,data/synthetic/train/images/e2_000107.png,data/real/train/images/e2_000107.png,544,368
e2_000108,e2,000108,val,data/synthetic/train/images/e2_000108.png,data/real/train/images/e2_000108.png,544,368
e2_000109,e2,000109,val,data/synthetic/val/images/e2_000109.png,data/real/val/images/e2_000109.png,544,368
e2_000110,e2,000110,val,data/synthetic/train/images/e2_000110.png,data/real/train/images/e2_000110.png,544,368
e2_000111,e2,000111,val,data/synthetic/train/images/e2_000111.png,data/real/train/images/e2_000111.png,544,368
e2_000112,e2,000112,val,data/synthetic/train/images/e2_000112.png,data/real/train/images/e2_000112.png,544,368
e2_000113,e2,000113,val,data/synthetic/train/images/e2_000113.png,data/real/train/images/e2_000113.png,544,368
e2_000114,e2,000114,val,data/synthetic/train/images/e2_000114.png,data/real/train/images/e2_000114.png,544,368
e2_000115,e2,000115,val,data/synthetic/train/images/e2_000115.png,data/real/train/images/e2_000115.png,544,368
e2_000116,e2,000116,val,data/synthetic/train/images/e2_000116.png,data/real/train/images/e2_000116.png,544,368
e2_000117,e2,000117,val,data/synthetic/train/images/e2_000117.png,data/real/train/images/e2_000117.png,544,368
e2_000118,e2,000118,val,data/synthetic/val/images/e2_000118.png,data/real/val/images/e2_000118.png,544,368
e2_000119,e2,000119,val,data/synthetic/val/images/e2_000119.png,data/real/val/images/e2_000119.png,544,368
e2_000120,e2,000120,val,data/synthetic/train/images/e2_000120.png,data/real/train/images/e2_000120.png,544,368
e2_000121,e2,000121,val,data/synthetic/val/images/e2_000121.png,data/real/val/images/e2_000121.png,544,368
e2_000122,e2,000122,val,data/synthetic/val/images/e2_000122.png,data/real/val/images/e2_000122.png,544,368
e2_000123,e2,000123,val,data/synthetic/val/images/e2_000123.png,data/real/val/images/e2_000123.png,544,368
e2_000124,e2,000124,val,data/synthetic/train/images/e2_000124.png,data/real/train/images/e2_000124.png,544,368
e2_000125,e2,000125,val,data/synthetic/train/images/e2_000125.png,data/real/train/images/e2_000125.png,544,368
e2_000126,e2,000126,val,data/synthetic/train/images/e2_000126.png,data/real/train/images/e2_000126.png,544,368
e2_000127,e2,000127,val,data/synthetic/train/images/e2_000127.png,data/real/train/images/e2_000127.png,544,368
e2_000128,e2,000128,val,data/synthetic/train/images/e2_000128.png,data/real/train/images/e2_000128.png,544,368
e2_000129,e2,000129,val,data/synthetic/val/images/e2_000129.png,data/real/val/images/e2_000129.png,544,368
e2_000130,e2,000130,val,data/synthetic/train/images/e2_000130.png,data/real/train/images/e2_000130.png,544,368
e2_000131,e2,000131,val,data/synthetic/train/images/e2_000131.png,data/real/train/images/e2_000131.png,544,368
e2_000132,e2,000132,val,data/synthetic/train/images/e2_000132.png,data/real/train/images/e2_000132.png,544,368
e2_000133,e2,000133,val,data/synthetic/train/images/e2_000133.png,data/real/train/images/e2_000133.png,544,368
e2_000134,e2,000134,val,data/synthetic/train/images/e2_000134.png,data/real/train/images/e2_000134.png,544,368
e2_000135,e2,000135,val,data/synthetic/train/images/e2_000135.png,data/real/train/images/e2_000135.png,544,368
e2_000136,e2,000136,val,data/synthetic/train/images/e2_000136.png,data/real/train/images/e2_000136.png,544,368
e2_000137,e2,000137,val,data/synthetic/train/images/e2_000137.png,data/real/train/images/e2_000137.png,544,368
e2_000138,e2,000138,val,data/synthetic/train/images/e2_000138.png,data/real/train/images/e2_000138.png,544,368
e2_000139,e2,000139,val,data/synthetic/train/images/e2_000139.png,data/real/train/images/e2_000139.png,544,368
e2_000140,e2,000140,val,data/synthetic/train/images/e2_000140.png,data/real/train/images/e2_000140.png,544,368
e2_000141,e2,000141,val,data/synthetic/train/images/e2_000141.png,data/real/train/images/e2_000141.png,544,368
e2_000142,e2,000142,val,data/synthetic/train/images/e2_000142.png,data/real/train/images/e2_000142.png,544,368
e2_000143,e2,000143,val,data/synthetic/train/images/e2_000143.png,data/real/train/images/e2_000143.png,544,368
e2_000144,e2,000144,val,data/synthetic/train/images/e2_000144.png,data/real/train/images/e2_000144.png,544,368
e2_000145,e2,000145,val,data/synthetic/train/images/e2_000145.png,data/real/train/images/e2_000145.png,544,368
e2_000146,e2,000146,val,data/synthetic/val/images/e2_000146.png,data/real/val/images/e2_000146.png,544,368
e2_000147,e2,000147,val,data/synthetic/train/images/e2_000147.png,data/real/train/images/e2_000147.png,544,368
e2_000148,e2,000148,val,data/synthetic/train/images/e2_000148.png,data/real/train/images/e2_000148.png,544,368
e2_000149,e2,000149,val,data/synthetic/train/images/e2_000149.png,data/real/train/images/e2_000149.png,544,368
e2_000150,e2,000150,val,data/synthetic/train/images/e2_000150.png,data/real/train/images/e2_000150.png,544,368
e2_000151,e2,000151,val,data/synthetic/train/images/e2_000151.png,data/real/train/images/e2_000151.png,544,368
e2_000152,e2,000152,val,data/synthetic/val/images/e2_000152.png,data/real/val/images/e2_000152.png,544,368
e2_000153,e2,000153,val,data/synthetic/train/images/e2_000153.png,data/real/train/images/e2_000153.png,544,368
e2_000154,e2,000154,val,data/synthetic/val/images/e2_000154.png,data/real/val/images/e2_000154.png,544,368
e2_000155,e2,000155,val,data/synthetic/train/images/e2_000155.png,data/real/train/images/e2_000155.png,544,368
e2_000156,e2,000156,val,data/synthetic/val/images/e2_000156.png,data/real/val/images/e2_000156.png,544,368
e2_000157,e2,000157,val,data/synthetic/val/images/e2_000157.png,data/real/val/images/e2_000157.png,544,368
e2_000158,e2,000158,val,data/synthetic/val/images/e2_000158.png,data/real/val/images/e2_000158.png,544,368
e2_000159,e2,000159,val,data/synthetic/train/images/e2_000159.png,data/real/train/images/e2_000159.png,544,368
e2_000160,e2,000160,val,data/synthetic/train/images/e2_000160.png,data/real/train/images/e2_000160.png,544,368
e2_000161,e2,000161,val,data/synthetic/val/images/e2_000161.png,data/real/val/images/e2_000161.png,544,368
e2_000162,e2,000162,val,data/synthetic/train/images/e2_000162.png,data/real/train/images/e2_000162.png,544,368
e2_000163,e2,000163,val,data/synthetic/val/images/e2_000163.png,data/real/val/images/e2_000163.png,544,368
e2_000164,e2,000164,val,data/synthetic/train/images/e2_000164.png,data/real/train/images/e2_000164.png,544,368
e2_000165,e2,000165,val,data/synthetic/train/images/e2_000165.png,data/real/train/images/e2_000165.png,544,368
e2_000166,e2,000166,val,data/synthetic/val/images/e2_000166.png,data/real/val/images/e2_000166.png,544,368
e2_000167,e2,000167,val,data/synthetic/train/images/e2_000167.png,data/real/train/images/e2_000167.png,544,368
e2_000168,e2,000168,val,data/synthetic/train/images/e2_000168.png,data/real/train/images/e2_000168.png,544,368
e2_000169,e2,000169,val,data/synthetic/val/images/e2_000169.png,data/real/val/images/e2_000169.png,544,368
e2_000170,e2,000170,val,data/synthetic/train/images/e2_000170.png,data/real/train/images/e2_000170.png,544,368
e2_000171,e2,000171,val,data/synthetic/train/images/e2_000171.png,data/real/train/images/e2_000171.png,544,368
e2_000172,e2,000172,val,data/synthetic/val/images/e2_000172.png,data/real/val/images/e2_000172.png,544,368
e2_000173,e2,000173,val,data/synthetic/val/images/e2_000173.png,data/real/val/images/e2_000173.png,544,368
e2_000174,e2,000174,val,data/synthetic/val/images/e2_000174.png,data/real/val/images/e2_000174.png,544,368
e2_000175,e2,000175,val,data/synthetic/val/images/e2_000175.png,data/real/val/images/e2_000175.png,544,368
e2_000176,e2,000176,val,data/synthetic/train/images/e2_000176.png,data/real/train/images/e2_000176.png,544,368
e2_000177,e2,000177,val,data/synthetic/val/images/e2_000177.png,data/real/val/images/e2_000177.png,544,368
e2_000178,e2,000178,val,data/synthetic/train/images/e2_000178.png,data/real/train/images/e2_000178.png,544,368
e2_000179,e2,000179,val,data/synthetic/train/images/e2_000179.png,data/real/train/images/e2_000179.png,544,368
e2_000180,e2,000180,val,data/synthetic/train/images/e2_000180.png,data/real/train/images/e2_000180.png,544,368
e2_000181,e2,000181,val,data/synthetic/train/images/e2_000181.png,data/real/train/images/e2_000181.png,544,368
e2_000182,e2,000182,val,data/synthetic/train/images/e2_000182.png,data/real/train/images/e2_000182.png,544,368
e2_000183,e2,000183,val,data/synthetic/train/images/e2_000183.png,data/real/train/images/e2_000183.png,544,368
e2_000184,e2,000184,val,data/synthetic/train/images/e2_000184.png,data/real/train/images/e2_000184.png,544,368
e2_000185,e2,000185,val,data/synthetic/train/images/e2_000185.png,data/real/train/images/e2_000185.png,544,368
e2_000186,e2,000186,val,data/synthetic/train/images/e2_000186.png,data/real/train/images/e2_000186.png,544,368
e2_000187,e2,000187,val,data/synthetic/train/images/e2_000187.png,data/real/train/images/e2_000187.png,544,368
e2_000188,e2,000188,val,data/synthetic/train/images/e2_000188.png,data/real/train/images/e2_000188.png,544,368
e2_000189,e2,000189,val,data/synthetic/val/images/e2_000189.png,data/real/val/images/e2_000189.png,544,368
e2_000190,e2,000190,val,data/synthetic/train/images/e2_000190.png,data/real/train/images/e2_000190.png,544,368
e2_000191,e2,000191,val,data/synthetic/val/images/e2_000191.png,data/real/val/images/e2_000191.png,544,368
e2_000192,e2,000192,val,data/synthetic/train/images/e2_000192.png,data/real/train/images/e2_000192.png,544,368
e2_000193,e2,000193,val,data/synthetic/train/images/e2_000193.png,data/real/train/images/e2_000193.png,544,368
e2_000194,e2,000194,val,data/synthetic/train/images/e2_000194.png,data/real/train/images/e2_000194.png,544,368
e2_000195,e2,000195,val,data/synthetic/train/images/e2_000195.png,data/real/train/images/e2_000195.png,544,368
e2_000196,e2,000196,val,data/synthetic/train/images/e2_000196.png,data/real/train/images/e2_000196.png,544,368
e2_000197,e2,000197,val,data/synthetic/train/images/e2_000197.png,data/real/train/images/e2_000197.png,544,368
e2_000198,e2,000198,val,data/synthetic/val/images/e2_000198.png,data/real/val/images/e2_000198.png,544,368
e2_000199,e2,000199,val,data/synthetic/train/images/e2_000199.png,data/real/train/images/e2_000199.png,544,368
e2_000200,e2,000200,val,data/synthetic/val/images/e2_000200.png,data/real/val/images/e2_000200.png,544,368
e2_000201,e2,000201,val,data/synthetic/val/images/e2_000201.png,data/real/val/images/e2_000201.png,544,368
e2_000202,e2,000202,val,data/synthetic/val/images/e2_000202.png,data/real/val/images/e2_000202.png,544,368
e2_000203,e2,000203,val,data/synthetic/train/images/e2_000203.png,data/real/train/images/e2_000203.png,544,368
e2_000204,e2,000204,val,data/synthetic/train/images/e2_000204.png,data/real/train/images/e2_000204.png,544,368
e2_000205,e2,000205,val,data/synthetic/train/images/e2_000205.png,data/real/train/images/e2_000205.png,544,368
e2_000206,e2,000206,val,data/synthetic/val/images/e2_000206.png,data/real/val/images/e2_000206.png,544,368
e2_000207,e2,000207,val,data/synthetic/train/images/e2_000207.png,data/real/train/images/e2_000207.png,544,368
e2_000208,e2,000208,val,data/synthetic/train/images/e2_000208.png,data/real/train/images/e2_000208.png,544,368
e2_000209,e2,000209,val,data/synthetic/train/images/e2_000209.png,data/real/train/images/e2_000209.png,544,368
e2_000210,e2,000210,val,data/synthetic/train/images/e2_000210.png,data/real/train/images/e2_000210.png,544,368
e2_000211,e2,000211,val,data/synthetic/train/images/e2_000211.png,data/real/train/images/e2_000211.png,544,368
e2_000212,e2,000212,val,data/synthetic/train/images/e2_000212.png,data/real/train/images/e2_000212.png,544,368
e2_000213,e2,000213,val,data/synthetic/train/images/e2_000213.png,data/real/train/images/e2_000213.png,544,368
e2_000214,e2,000214,val,data/synthetic/train/images/e2_000214.png,data/real/train/images/e2_000214.png,544,368
e2_000215,e2,000215,val,data/synthetic/train/images/e2_000215.png,data/real/train/images/e2_000215.png,544,368
e2_000216,e2,000216,val,data/synthetic/train/images/e2_000216.png,data/real/train/images/e2_000216.png,544,368
e2_000217,e2,000217,val,data/synthetic/train/images/e2_000217.png,data/real/train/images/e2_000217.png,544,368
e2_000218,e2,000218,val,data/synthetic/train/images/e2_000218.png,data/real/train/images/e2_000218.png,544,368
e2_000219,e2,000219,val,data/synthetic/val/images/e2_000219.png,data/real/val/images/e2_000219.png,544,368
e2_000220,e2,000220,val,data/synthetic/train/images/e2_000220.png,data/real/train/images/e2_000220.png,544,368
e2_000221,e2,000221,val,data/synthetic/val/images/e2_000221.png,data/real/val/images/e2_000221.png,544,368
e2_000222,e2,000222,val,data/synthetic/train/images/e2_000222.png,data/real/train/images/e2_000222.png,544,368
e2_000223,e2,000223,val,data/synthetic/train/images/e2_000223.png,data/real/train/images/e2_000223.png,544,368
e2_000224,e2,000224,val,data/synthetic/train/images/e2_000224.png,data/real/train/images/e2_000224.png,544,368
e2_000225,e2,000225,val,data/synthetic/val/images/e2_000225.png,data/real/val/images/e2_000225.png,544,368
e2_000226,e2,000226,val,data/synthetic/val/images/e2_000226.png,data/real/val/images/e2_000226.png,544,368
e2_000227,e2,000227,val,data/synthetic/train/images/e2_000227.png,data/real/train/images/e2_000227.png,544,368
e2_000228,e2,000228,val,data/synthetic/train/images/e2_000228.png,data/real/train/images/e2_000228.png,544,368
e2_000229,e2,000229,val,data/synthetic/train/images/e2_000229.png,data/real/train/images/e2_000229.png,544,368
e2_000230,e2,000230,val,data/synthetic/train/images/e2_000230.png,data/real/train/images/e2_000230.png,544,368
e2_000231,e2,000231,val,data/synthetic/train/images/e2_000231.png,data/real/train/images/e2_000231.png,544,368
e2_000232,e2,000232,val,data/synthetic/val/images/e2_000232.png,data/real/val/images/e2_000232.png,544,368
e6_000000,e6,000000,train,data/synthetic/val/images/e6_000000.png,data/real/val/images/e6_000000.png,544,368
e6_000001,e6,000001,train,data/synthetic/train/images/e6_000001.png,data/real/train/images/e6_000001.png,544,368
e6_000002,e6,000002,train,data/synthetic/train/images/e6_000002.png,data/real/train/images/e6_000002.png,544,368
e6_000003,e6,000003,train,data/synthetic/train/images/e6_000003.png,data/real/train/images/e6_000003.png,544,368
e6_000004,e6,000004,train,data/synthetic/train/images/e6_000004.png,data/real/train/images/e6_000004.png,544,368
e6_000005,e6,000005,train,data/synthetic/train/images/e6_000005.png,data/real/train/images/e6_000005.png,544,368
e6_000006,e6,000006,train,data/synthetic/val/images/e6_000006.png,data/real/val/images/e6_000006.png,544,368
e6_000007,e6,000007,train,data/synthetic/val/images/e6_000007.png,data/real/val/images/e6_000007.png,544,368
e6_000008,e6,000008,train,data/synthetic/train/images/e6_000008.png,data/real/train/images/e6_000008.png,544,368
e6_000009,e6,000009,train,data/synthetic/val/images/e6_000009.png,data/real/val/images/e6_000009.png,544,368
e6_000010,e6,000010,train,data/synthetic/train/images/e6_000010.png,data/real/train/images/e6_000010.png,544,368
e6_000011,e6,000011,train,data/synthetic/val/images/e6_000011.png,data/real/val/images/e6_000011.png,544,368
e6_000012,e6,000012,train,data/synthetic/val/images/e6_000012.png,data/real/val/images/e6_000012.png,544,368
e6_000013,e6,000013,train,data/synthetic/train/images/e6_000013.png,data/real/train/images/e6_000013.png,544,368
e6_000014,e6,000014,train,data/synthetic/train/images/e6_000014.png,data/real/train/images/e6_000014.png,544,368
e6_000015,e6,000015,train,data/synthetic/val/images/e6_000015.png,data/real/val/images/e6_000015.png,544,368
e6_000016,e6,000016,train,data/synthetic/train/images/e6_000016.png,data/real/train/images/e6_000016.png,544,368
e6_000017,e6,000017,train,data/synthetic/train/images/e6_000017.png,data/real/train/images/e6_000017.png,544,368
e6_000018,e6,000018,train,data/synthetic/val/images/e6_000018.png,data/real/val/images/e6_000018.png,544,368
e6_000019,e6,000019,train,data/synthetic/val/images/e6_000019.png,data/real/val/images/e6_000019.png,544,368
e6_000020,e6,000020,train,data/synthetic/train/images/e6_000020.png,data/real/train/images/e6_000020.png,544,368
e6_000021,e6,000021,train,data/synthetic/train/images/e6_000021.png,data/real/train/images/e6_000021.png,544,368
e6_000022,e6,000022,train,data/synthetic/val/images/e6_000022.png,data/real/val/images/e6_000022.png,544,368
e6_000023,e6,000023,train,data/synthetic/val/images/e6_000023.png,data/real/val/images/e6_000023.png,544,368
e6_000024,e6,000024,train,data/synthetic/train/images/e6_000024.png,data/real/train/images/e6_000024.png,544,368
e6_000025,e6,000025,train,data/synthetic/train/images/e6_000025.png,data/real/train/images/e6_000025.png,544,368
e6_000026,e6,000026,train,data/synthetic/train/images/e6_000026.png,data/real/train/images/e6_000026.png,544,368
e6_000027,e6,000027,train,data/synthetic/train/images/e6_000027.png,data/real/train/images/e6_000027.png,544,368
e6_000028,e6,000028,train,data/synthetic/train/images/e6_000028.png,data/real/train/images/e6_000028.png,544,368
e6_000029,e6,000029,train,data/synthetic/train/images/e6_000029.png,data/real/train/images/e6_000029.png,544,368
e6_000030,e6,000030,train,data/synthetic/val/images/e6_000030.png,data/real/val/images/e6_000030.png,544,368
e6_000031,e6,000031,train,data/synthetic/train/images/e6_000031.png,data/real/train/images/e6_000031.png,544,368
e6_000032,e6,000032,train,data/synthetic/train/images/e6_000032.png,data/real/train/images/e6_000032.png,544,368
e6_000033,e6,000033,train,data/synthetic/val/images/e6_000033.png,data/real/val/images/e6_000033.png,544,368
e6_000034,e6,000034,train,data/synthetic/train/images/e6_000034.png,data/real/train/images/e6_000034.png,544,368
e6_000035,e6,000035,train,data/synthetic/train/images/e6_000035.png,data/real/train/images/e6_000035.png,544,368
e6_000036,e6,000036,train,data/synthetic/train/images/e6_000036.png,data/real/train/images/e6_000036.png,544,368
e6_000037,e6,000037,train,data/synthetic/train/images/e6_000037.png,data/real/train/images/e6_000037.png,544,368
e6_000038,e6,000038,train,data/synthetic/train/images/e6_000038.png,data/real/train/images/e6_000038.png,544,368
e6_000039,e6,000039,train,data/synthetic/val/images/e6_000039.png,data/real/val/images/e6_000039.png,544,368
e6_000040,e6,000040,train,data/synthetic/val/images/e6_000040.png,data/real/val/images/e6_000040.png,544,368
e6_000041,e6,000041,train,data/synthetic/val/images/e6_000041.png,data/real/val/images/e6_000041.png,544,368
e6_000042,e6,000042,train,data/synthetic/train/images/e6_000042.png,data/real/train/images/e6_000042.png,544,368
e6_000043,e6,000043,train,data/synthetic/train/images/e6_000043.png,data/real/train/images/e6_000043.png,544,368
e6_000044,e6,000044,train,data/synthetic/train/images/e6_000044.png,data/real/train/images/e6_000044.png,544,368
e6_000045,e6,000045,train,data/synthetic/train/images/e6_000045.png,data/real/train/images/e6_000045.png,544,368
e6_000046,e6,000046,train,data/synthetic/train/images/e6_000046.png,data/real/train/images/e6_000046.png,544,368
e6_000047,e6,000047,train,data/synthetic/train/images/e6_000047.png,data/real/train/images/e6_000047.png,544,368
e6_000048,e6,000048,train,data/synthetic/train/images/e6_000048.png,data/real/train/images/e6_000048.png,544,368
e6_000049,e6,000049,train,data/synthetic/train/images/e6_000049.png,data/real/train/images/e6_000049.png,544,368
e6_000050,e6,000050,train,data/synthetic/val/images/e6_000050.png,data/real/val/images/e6_000050.png,544,368
e6_000051,e6,000051,train,data/synthetic/val/images/e6_000051.png,data/real/val/images/e6_000051.png,544,368
e6_000052,e6,000052,train,data/synthetic/val/images/e6_000052.png,data/real/val/images/e6_000052.png,544,368
e6_000053,e6,000053,train,data/synthetic/val/images/e6_000053.png,data/real/val/images/e6_000053.png,544,368
e6_000054,e6,000054,train,data/synthetic/train/images/e6_000054.png,data/real/train/images/e6_000054.png,544,368
e6_000055,e6,000055,train,data/synthetic/train/images/e6_000055.png,data/real/train/images/e6_000055.png,544,368
e6_000056,e6,000056,train,data/synthetic/val/images/e6_000056.png,data/real/val/images/e6_000056.png,544,368
e6_000057,e6,000057,train,data/synthetic/train/images/e6_000057.png,data/real/train/images/e6_000057.png,544,368
e6_000058,e6,000058,train,data/synthetic/val/images/e6_000058.png,data/real/val/images/e6_000058.png,544,368
e6_000059,e6,000059,train,data/synthetic/train/images/e6_000059.png,data/real/train/images/e6_000059.png,544,368
e6_000060,e6,000060,train,data/synthetic/train/images/e6_000060.png,data/real/train/images/e6_000060.png,544,368
e6_000061,e6,000061,train,data/synthetic/val/images/e6_000061.png,data/real/val/images/e6_000061.png,544,368
e6_000062,e6,000062,train,data/synthetic/val/images/e6_000062.png,data/real/val/images/e6_000062.png,544,368
e6_000063,e6,000063,train,data/synthetic/train/images/e6_000063.png,data/real/train/images/e6_000063.png,544,368
e6_000064,e6,000064,train,data/synthetic/train/images/e6_000064.png,data/real/train/images/e6_000064.png,544,368
e6_000065,e6,000065,train,data/synthetic/train/images/e6_000065.png,data/real/train/images/e6_000065.png,544,368
e6_000066,e6,000066,train,data/synthetic/train/images/e6_000066.png,data/real/train/images/e6_000066.png,544,368
e6_000067,e6,000067,train,data/synthetic/val/images/e6_000067.png,data/real/val/images/e6_000067.png,544,368
e6_000068,e6,000068,train,data/synthetic/train/images/e6_000068.png,data/real/train/images/e6_000068.png,544,368
e6_000069,e6,000069,train,data/synthetic/val/images/e6_000069.png,data/real/val/images/e6_000069.png,544,368
e6_000070,e6,000070,train,data/synthetic/train/images/e6_000070.png,data/real/train/images/e6_000070.png,544,368
e6_000071,e6,000071,train,data/synthetic/train/images/e6_000071.png,data/real/train/images/e6_000071.png,544,368
e6_000072,e6,000072,train,data/synthetic/train/images/e6_000072.png,data/real/train/images/e6_000072.png,544,368
e6_000073,e6,000073,train,data/synthetic/val/images/e6_000073.png,data/real/val/images/e6_000073.png,544,368
e6_000074,e6,000074,train,data/synthetic/train/images/e6_000074.png,data/real/train/images/e6_000074.png,544,368
e6_000075,e6,000075,train,data/synthetic/train/images/e6_000075.png,data/real/train/images/e6_000075.png,544,368
e6_000076,e6,000076,train,data/synthetic/train/images/e6_000076.png,data/real/train/images/e6_000076.png,544,368
e6_000077,e6,000077,train,data/synthetic/train/images/e6_000077.png,data/real/train/images/e6_000077.png,544,368
e6_000078,e6,000078,train,data/synthetic/train/images/e6_000078.png,data/real/train/images/e6_000078.png,544,368
e6_000079,e6,000079,train,data/synthetic/val/images/e6_000079.png,data/real/val/images/e6_000079.png,544,368
e6_000080,e6,000080,train,data/synthetic/val/images/e6_000080.png,data/real/val/images/e6_000080.png,544,368
e6_000081,e6,000081,train,data/synthetic/train/images/e6_000081.png,data/real/train/images/e6_000081.png,544,368
e6_000082,e6,000082,train,data/synthetic/val/images/e6_000082.png,data/real/val/images/e6_000082.png,544,368
e6_000083,e6,000083,train,data/synthetic/train/images/e6_000083.png,data/real/train/images/e6_000083.png,544,368
e6_000084,e6,000084,train,data/synthetic/train/images/e6_000084.png,data/real/train/images/e6_000084.png,544,368
e6_000085,e6,000085,train,data/synthetic/val/images/e6_000085.png,data/real/val/images/e6_000085.png,544,368
e6_000086,e6,000086,train,data/synthetic/train/images/e6_000086.png,data/real/train/images/e6_000086.png,544,368
e6_000087,e6,000087,train,data/synthetic/val/images/e6_000087.png,data/real/val/images/e6_000087.png,544,368
e6_000088,e6,000088,train,data/synthetic/val/images/e6_000088.png,data/real/val/images/e6_000088.png,544,368
e6_000089,e6,000089,train,data/synthetic/train/images/e6_000089.png,data/real/train/images/e6_000089.png,544,368
e6_000090,e6,000090,train,data/synthetic/train/images/e6_000090.png,data/real/train/images/e6_000090.png,544,368
e6_000091,e6,000091,train,data/synthetic/train/images/e6_000091.png,data/real/train/images/e6_000091.png,544,368
e6_000092,e6,000092,train,data/synthetic/train/images/e6_000092.png,data/real/train/images/e6_000092.png,544,368
e6_000093,e6,000093,train,data/synthetic/val/images/e6_000093.png,data/real/val/images/e6_000093.png,544,368
e6_000094,e6,000094,train,data/synthetic/val/images/e6_000094.png,data/real/val/images/e6_000094.png,544,368
e6_000095,e6,000095,train,data/synthetic/val/images/e6_000095.png,data/real/val/images/e6_000095.png,544,368
e6_000096,e6,000096,train,data/synthetic/val/images/e6_000096.png,data/real/val/images/e6_000096.png,544,368
e6_000097,e6,000097,train,data/synthetic/train/images/e6_000097.png,data/real/train/images/e6_000097.png,544,368
e6_000098,e6,000098,train,data/synthetic/train/images/e6_000098.png,data/real/train/images/e6_000098.png,544,368
e6_000099,e6,000099,train,data/synthetic/train/images/e6_000099.png,data/real/train/images/e6_000099.png,544,368
e6_000100,e6,000100,train,data/synthetic/val/images/e6_000100.png,data/real/val/images/e6_000100.png,544,368
e6_000101,e6,000101,train,data/synthetic/val/images/e6_000101.png,data/real/val/images/e6_000101.png,544,368
e6_000102,e6,000102,train,data/synthetic/train/images/e6_000102.png,data/real/train/images/e6_000102.png,544,368
e6_000103,e6,000103,train,data/synthetic/train/images/e6_000103.png,data/real/train/images/e6_000103.png,544,368
e6_000104,e6,000104,train,data/synthetic/val/images/e6_000104.png,data/real/val/images/e6_000104.png,544,368
e6_000105,e6,000105,train,data/synthetic/train/images/e6_000105.png,data/real/train/images/e6_000105.png,544,368
e6_000106,e6,000106,train,data/synthetic/train/images/e6_000106.png,data/real/train/images/e6_000106.png,544,368
e6_000107,e6,000107,train,data/synthetic/val/images/e6_000107.png,data/real/val/images/e6_000107.png,544,368
e6_000108,e6,000108,train,data/synthetic/val/images/e6_000108.png,data/real/val/images/e6_000108.png,544,368
e6_000109,e6,000109,train,data/synthetic/train/images/e6_000109.png,data/real/train/images/e6_000109.png,544,368
e6_000110,e6,000110,train,data/synthetic/train/images/e6_000110.png,data/real/train/images/e6_000110.png,544,368
e6_000111,e6,000111,train,data/synthetic/train/images/e6_000111.png,data/real/train/images/e6_000111.png,544,368
e6_000112,e6,000112,train,data/synthetic/train/images/e6_000112.png,data/real/train/images/e6_000112.png,544,368
e6_000113,e6,000113,train,data/synthetic/train/images/e6_000113.png,data/real/train/images/e6_000113.png,544,368
e6_000114,e6,000114,train,data/synthetic/val/images/e6_000114.png,data/real/val/images/e6_000114.png,544,368
e6_000115,e6,000115,train,data/synthetic/val/images/e6_000115.png,data/real/val/images/e6_000115.png,544,368
e6_000116,e6,000116,train,data/synthetic/val/images/e6_000116.png,data/real/val/images/e6_000116.png,544,368
e6_000117,e6,000117,train,data/synthetic/train/images/e6_000117.png,data/real/train/images/e6_000117.png,544,368
e6_000118,e6,000118,train,data/synthetic/train/images/e6_000118.png,data/real/train/images/e6_000118.png,544,368
e6_000119,e6,000119,train,data/synthetic/train/images/e6_000119.png,data/real/train/images/e6_000119.png,544,368
e6_000120,e6,000120,train,data/synthetic/train/images/e6_000120.png,data/real/train/images/e6_000120.png,544,368
e6_000121,e6,000121,train,data/synthetic/val/images/e6_000121.png,data/real/val/images/e6_000121.png,544,368
e6_000122,e6,000122,train,data/synthetic/train/images/e6_000122.png,data/real/train/images/e6_000122.png,544,368
e6_000123,e6,000123,train,data/synthetic/train/images/e6_000123.png,data/real/train/images/e6_000123.png,544,368
e6_000124,e6,000124,train,data/synthetic/val/images/e6_000124.png,data/real/val/images/e6_000124.png,544,368
e6_000125,e6,000125,train,data/synthetic/train/images/e6_000125.png,data/real/train/images/e6_000125.png,544,368
e6_000126,e6,000126,train,data/synthetic/train/images/e6_000126.png,data/real/train/images/e6_000126.png,544,368
e6_000127,e6,000127,train,data/synthetic/train/images/e6_000127.png,data/real/train/images/e6_000127.png,544,368
e6_000128,e6,000128,train,data/synthetic/val/images/e6_000128.png,data/real/val/images/e6_000128.png,544,368
e6_000129,e6,000129,train,data/synthetic/val/images/e6_000129.png,data/real/val/images/e6_000129.png,544,368
e6_000130,e6,000130,train,data/synthetic/val/images/e6_000130.png,data/real/val/images/e6_000130.png,544,368
e6_000131,e6,000131,train,data/synthetic/train/images/e6_000131.png,data/real/train/images/e6_000131.png,544,368
e6_000132,e6,000132,train,data/synthetic/train/images/e6_000132.png,data/real/train/images/e6_000132.png,544,368
e6_000133,e6,000133,train,data/synthetic/train/images/e6_000133.png,data/real/train/images/e6_000133.png,544,368
e6_000134,e6,000134,train,data/synthetic/val/images/e6_000134.png,data/real/val/images/e6_000134.png,544,368
e6_000135,e6,000135,train,data/synthetic/val/images/e6_000135.png,data/real/val/images/e6_000135.png,544,368
e6_000136,e6,000136,train,data/synthetic/train/images/e6_000136.png,data/real/train/images/e6_000136.png,544,368
e6_000137,e6,000137,train,data/synthetic/train/images/e6_000137.png,data/real/train/images/e6_000137.png,544,368
e6_000138,e6,000138,train,data/synthetic/train/images/e6_000138.png,data/real/train/images/e6_000138.png,544,368
e6_000139,e6,000139,train,data/synthetic/train/images/e6_000139.png,data/real/train/images/e6_000139.png,544,368
e6_000140,e6,000140,train,data/synthetic/train/images/e6_000140.png,data/real/train/images/e6_000140.png,544,368
e6_000141,e6,000141,train,data/synthetic/train/images/e6_000141.png,data/real/train/images/e6_000141.png,544,368
e6_000142,e6,000142,train,data/synthetic/val/images/e6_000142.png,data/real/val/images/e6_000142.png,544,368
e6_000143,e6,000143,train,data/synthetic/val/images/e6_000143.png,data/real/val/images/e6_000143.png,544,368
e6_000144,e6,000144,train,data/synthetic/train/images/e6_000144.png,data/real/train/images/e6_000144.png,544,368
e6_000145,e6,000145,train,data/synthetic/val/images/e6_000145.png,data/real/val/images/e6_000145.png,544,368
e6_000146,e6,000146,train,data/synthetic/train/images/e6_000146.png,data/real/train/images/e6_000146.png,544,368
e6_000147,e6,000147,train,data/synthetic/train/images/e6_000147.png,data/real/train/images/e6_000147.png,544,368
e6_000148,e6,000148,train,data/synthetic/train/images/e6_000148.png,data/real/train/images/e6_000148.png,544,368
e6_000149,e6,000149,train,data/synthetic/train/images/e6_000149.png,data/real/train/images/e6_000149.png,544,368
e6_000150,e6,000150,train,data/synthetic/val/images/e6_000150.png,data/real/val/images/e6_000150.png,544,368
e6_000151,e6,000151,train,data/synthetic/val/images/e6_000151.png,data/real/val/images/e6_000151.png,544,368
e6_000152,e6,000152,train,data/synthetic/val/images/e6_000152.png,data/real/val/images/e6_000152.png,544,368
e6_000153,e6,000153,train,data/synthetic/val/images/e6_000153.png,data/real/val/images/e6_000153.png,544,368
e6_000154,e6,000154,train,data/synthetic/train/images/e6_000154.png,data/real/train/images/e6_000154.png,544,368
e6_000155,e6,000155,train,data/synthetic/train/images/e6_000155.png,data/real/train/images/e6_000155.png,544,368
e6_000156,e6,000156,train,data/synthetic/train/images/e6_000156.png,data/real/train/images/e6_000156.png,544,368
e6_000157,e6,000157,train,data/synthetic/val/images/e6_000157.png,data/real/val/images/e6_000157.png,544,368
e6_000158,e6,000158,train,data/synthetic/val/images/e6_000158.png,data/real/val/images/e6_000158.png,544,368
e6_000159,e6,000159,train,data/synthetic/train/images/e6_000159.png,data/real/train/images/e6_000159.png,544,368
e6_000160,e6,000160,train,data/synthetic/train/images/e6_000160.png,data/real/train/images/e6_000160.png,544,368
e6_000161,e6,000161,train,data/synthetic/train/images/e6_000161.png,data/real/train/images/e6_000161.png,544,368
e6_000162,e6,000162,train,data/synthetic/train/images/e6_000162.png,data/real/train/images/e6_000162.png,544,368
e6_000163,e6,000163,train,data/synthetic/train/images/e6_000163.png,data/real/train/images/e6_000163.png,544,368
e6_000164,e6,000164,train,data/synthetic/val/images/e6_000164.png,data/real/val/images/e6_000164.png,544,368
e6_000165,e6,000165,train,data/synthetic/train/images/e6_000165.png,data/real/train/images/e6_000165.png,544,368
e6_000166,e6,000166,train,data/synthetic/val/images/e6_000166.png,data/real/val/images/e6_000166.png,544,368
e6_000167,e6,000167,train,data/synthetic/train/images/e6_000167.png,data/real/train/images/e6_000167.png,544,368
e6_000168,e6,000168,train,data/synthetic/train/images/e6_000168.png,data/real/train/images/e6_000168.png,544,368
e6_000169,e6,000169,train,data/synthetic/train/images/e6_000169.png,data/real/train/images/e6_000169.png,544,368
e6_000170,e6,000170,train,data/synthetic/val/images/e6_000170.png,data/real/val/images/e6_000170.png,544,368
e6_000171,e6,000171,train,data/synthetic/train/images/e6_000171.png,data/real/train/images/e6_000171.png,544,368
e6_000172,e6,000172,train,data/synthetic/train/images/e6_000172.png,data/real/train/images/e6_000172.png,544,368
e6_000173,e6,000173,train,data/synthetic/train/images/e6_000173.png,data/real/train/images/e6_000173.png,544,368
e6_000174,e6,000174,train,data/synthetic/train/images/e6_000174.png,data/real/train/images/e6_000174.png,544,368
e6_000175,e6,000175,train,data/synthetic/train/images/e6_000175.png,data/real/train/images/e6_000175.png,544,368
e6_000176,e6,000176,train,data/synthetic/train/images/e6_000176.png,data/real/train/images/e6_000176.png,544,368
e6_000177,e6,000177,train,data/synthetic/train/images/e6_000177.png,data/real/train/images/e6_000177.png,544,368
e6_000178,e6,000178,train,data/synthetic/train/images/e6_000178.png,data/real/train/images/e6_000178.png,544,368
e6_000179,e6,000179,train,data/synthetic/train/images/e6_000179.png,data/real/train/images/e6_000179.png,544,368
e6_000180,e6,000180,train,data/synthetic/train/images/e6_000180.png,data/real/train/images/e6_000180.png,544,368
e6_000181,e6,000181,train,data/synthetic/train/images/e6_000181.png,data/real/train/images/e6_000181.png,544,368
e6_000182,e6,000182,train,data/synthetic/train/images/e6_000182.png,data/real/train/images/e6_000182.png,544,368
e6_000183,e6,000183,train,data/synthetic/train/images/e6_000183.png,data/real/train/images/e6_000183.png,544,368
e6_000184,e6,000184,train,data/synthetic/train/images/e6_000184.png,data/real/train/images/e6_000184.png,544,368
e6_000185,e6,000185,train,data/synthetic/train/images/e6_000185.png,data/real/train/images/e6_000185.png,544,368
e6_000186,e6,000186,train,data/synthetic/train/images/e6_000186.png,data/real/train/images/e6_000186.png,544,368
e6_000187,e6,000187,train,data/synthetic/train/images/e6_000187.png,data/real/train/images/e6_000187.png,544,368
e6_000188,e6,000188,train,data/synthetic/val/images/e6_000188.png,data/real/val/images/e6_000188.png,544,368
e6_000189,e6,000189,train,data/synthetic/val/images/e6_000189.png,data/real/val/images/e6_000189.png,544,368
e6_000190,e6,000190,train,data/synthetic/train/images/e6_000190.png,data/real/train/images/e6_000190.png,544,368
e6_000191,e6,000191,train,data/synthetic/val/images/e6_000191.png,data/real/val/images/e6_000191.png,544,368
e6_000192,e6,000192,train,data/synthetic/val/images/e6_000192.png,data/real/val/images/e6_000192.png,544,368
e6_000193,e6,000193,train,data/synthetic/train/images/e6_000193.png,data/real/train/images/e6_000193.png,544,368
e6_000194,e6,000194,train,data/synthetic/train/images/e6_000194.png,data/real/train/images/e6_000194.png,544,368
e6_000195,e6,000195,train,data/synthetic/val/images/e6_000195.png,data/real/val/images/e6_000195.png,544,368
e6_000196,e6,000196,train,data/synthetic/train/images/e6_000196.png,data/real/train/images/e6_000196.png,544,368
e6_000197,e6,000197,train,data/synthetic/train/images/e6_000197.png,data/real/train/images/e6_000197.png,544,368
e6_000198,e6,000198,train,data/synthetic/train/images/e6_000198.png,data/real/train/images/e6_000198.png,544,368
e6_000199,e6,000199,train,data/synthetic/train/images/e6_000199.png,data/real/train/images/e6_000199.png,544,368
e6_000200,e6,000200,train,data/synthetic/train/images/e6_000200.png,data/real/train/images/e6_000200.png,544,368
e6_000201,e6,000201,train,data/synthetic/train/images/e6_000201.png,data/real/train/images/e6_000201.png,544,368
e6_000202,e6,000202,train,data/synthetic/train/images/e6_000202.png,data/real/train/images/e6_000202.png,544,368
e6_000203,e6,000203,train,data/synthetic/train/images/e6_000203.png,data/real/train/images/e6_000203.png,544,368
e6_000204,e6,000204,train,data/synthetic/train/images/e6_000204.png,data/real/train/images/e6_000204.png,544,368
e6_000205,e6,000205,train,data/synthetic/train/images/e6_000205.png,data/real/train/images/e6_000205.png,544,368
e6_000206,e6,000206,train,data/synthetic/train/images/e6_000206.png,data/real/train/images/e6_000206.png,544,368
e6_000207,e6,000207,train,data/synthetic/val/images/e6_000207.png,data/real/val/images/e6_000207.png,544,368
e6_000208,e6,000208,train,data/synthetic/train/images/e6_000208.png,data/real/train/images/e6_000208.png,544,368
e6_000209,e6,000209,train,data/synthetic/val/images/e6_000209.png,data/real/val/images/e6_000209.png,544,368
e6_000210,e6,000210,train,data/synthetic/train/images/e6_000210.png,data/real/train/images/e6_000210.png,544,368
e6_000211,e6,000211,train,data/synthetic/train/images/e6_000211.png,data/real/train/images/e6_000211.png,544,368
e6_000212,e6,000212,train,data/synthetic/train/images/e6_000212.png,data/real/train/images/e6_000212.png,544,368
e6_000213,e6,000213,train,data/synthetic/val/images/e6_000213.png,data/real/val/images/e6_000213.png,544,368
e6_000214,e6,000214,train,data/synthetic/train/images/e6_000214.png,data/real/train/images/e6_000214.png,544,368
e6_000215,e6,000215,train,data/synthetic/val/images/e6_000215.png,data/real/val/images/e6_000215.png,544,368
e6_000216,e6,000216,train,data/synthetic/val/images/e6_000216.png,data/real/val/images/e6_000216.png,544,368
e6_000217,e6,000217,train,data/synthetic/train/images/e6_000217.png,data/real/train/images/e6_000217.png,544,368
e6_000218,e6,000218,train,data/synthetic/val/images/e6_000218.png,data/real/val/images/e6_000218.png,544,368
e6_000219,e6,000219,train,data/synthetic/train/images/e6_000219.png,data/real/train/images/e6_000219.png,544,368
e6_000220,e6,000220,train,data/synthetic/train/images/e6_000220.png,data/real/train/images/e6_000220.png,544,368
e6_000221,e6,000221,train,data/synthetic/train/images/e6_000221.png,data/real/train/images/e6_000221.png,544,368
e6_000222,e6,000222,train,data/synthetic/val/images/e6_000222.png,data/real/val/images/e6_000222.png,544,368
e6_000223,e6,000223,train,data/synthetic/train/images/e6_000223.png,data/real/train/images/e6_000223.png,544,368
e6_000224,e6,000224,train,data/synthetic/train/images/e6_000224.png,data/real/train/images/e6_000224.png,544,368
e6_000225,e6,000225,train,data/synthetic/val/images/e6_000225.png,data/real/val/images/e6_000225.png,544,368
e6_000226,e6,000226,train,data/synthetic/train/images/e6_000226.png,data/real/train/images/e6_000226.png,544,368
e6_000227,e6,000227,train,data/synthetic/train/images/e6_000227.png,data/real/train/images/e6_000227.png,544,368
e6_000228,e6,000228,train,data/synthetic/val/images/e6_000228.png,data/real/val/images/e6_000228.png,544,368
e6_000229,e6,000229,train,data/synthetic/train/images/e6_000229.png,data/real/train/images/e6_000229.png,544,368
e6_000230,e6,000230,train,data/synthetic/train/images/e6_000230.png,data/real/train/images/e6_000230.png,544,368
e6_000231,e6,000231,train,data/synthetic/train/images/e6_000231.png,data/real/train/images/e6_000231.png,544,368
e6_000232,e6,000232,train,data/synthetic/train/images/e6_000232.png,data/real/train/images/e6_000232.png,544,368
e6_000233,e6,000233,train,data/synthetic/train/images/e6_000233.png,data/real/train/images/e6_000233.png,544,368
e6_000234,e6,000234,train,data/synthetic/train/images/e6_000234.png,data/real/train/images/e6_000234.png,544,368
e6_000235,e6,000235,train,data/synthetic/train/images/e6_000235.png,data/real/train/images/e6_000235.png,544,368
e6_000236,e6,000236,train,data/synthetic/train/images/e6_000236.png,data/real/train/images/e6_000236.png,544,368
e6_000237,e6,000237,train,data/synthetic/val/images/e6_000237.png,data/real/val/images/e6_000237.png,544,368
e6_000238,e6,000238,train,data/synthetic/train/images/e6_000238.png,data/real/train/images/e6_000238.png,544,368
e6_000239,e6,000239,train,data/synthetic/train/images/e6_000239.png,data/real/train/images/e6_000239.png,544,368
e6_000240,e6,000240,train,data/synthetic/train/images/e6_000240.png,data/real/train/images/e6_000240.png,544,368
e6_000241,e6,000241,train,data/synthetic/val/images/e6_000241.png,data/real/val/images/e6_000241.png,544,368
e6_000242,e6,000242,train,data/synthetic/train/images/e6_000242.png,data/real/train/images/e6_000242.png,544,368
e6_000243,e6,000243,train,data/synthetic/val/images/e6_000243.png,data/real/val/images/e6_000243.png,544,368
e6_000244,e6,000244,train,data/synthetic/train/images/e6_000244.png,data/real/train/images/e6_000244.png,544,368
e6_000245,e6,000245,train,data/synthetic/train/images/e6_000245.png,data/real/train/images/e6_000245.png,544,368
e6_000246,e6,000246,train,data/synthetic/train/images/e6_000246.png,data/real/train/images/e6_000246.png,544,368
e6_000247,e6,000247,train,data/synthetic/train/images/e6_000247.png,data/real/train/images/e6_000247.png,544,368
e6_000248,e6,000248,train,data/synthetic/val/images/e6_000248.png,data/real/val/images/e6_000248.png,544,368
e6_000249,e6,000249,train,data/synthetic/train/images/e6_000249.png,data/real/train/images/e6_000249.png,544,368
e6_000250,e6,000250,train,data/synthetic/train/images/e6_000250.png,data/real/train/images/e6_000250.png,544,368
e6_000251,e6,000251,train,data/synthetic/val/images/e6_000251.png,data/real/val/images/e6_000251.png,544,368
e6_000252,e6,000252,train,data/synthetic/train/images/e6_000252.png,data/real/train/images/e6_000252.png,544,368
e6_000253,e6,000253,train,data/synthetic/train/images/e6_000253.png,data/real/train/images/e6_000253.png,544,368
e6_000254,e6,000254,train,data/synthetic/train/images/e6_000254.png,data/real/train/images/e6_000254.png,544,368
e6_000255,e6,000255,train,data/synthetic/train/images/e6_000255.png,data/real/train/images/e6_000255.png,544,368
e6_000256,e6,000256,train,data/synthetic/train/images/e6_000256.png,data/real/train/images/e6_000256.png,544,368
e6_000257,e6,000257,train,data/synthetic/val/images/e6_000257.png,data/real/val/images/e6_000257.png,544,368
e6_000258,e6,000258,train,data/synthetic/val/images/e6_000258.png,data/real/val/images/e6_000258.png,544,368
e6_000259,e6,000259,train,data/synthetic/val/images/e6_000259.png,data/real/val/images/e6_000259.png,544,368
e6_000260,e6,000260,train,data/synthetic/train/images/e6_000260.png,data/real/train/images/e6_000260.png,544,368
e6_000261,e6,000261,train,data/synthetic/train/images/e6_000261.png,data/real/train/images/e6_000261.png,544,368
e6_000262,e6,000262,train,data/synthetic/train/images/e6_000262.png,data/real/train/images/e6_000262.png,544,368
e6_000263,e6,000263,train,data/synthetic/val/images/e6_000263.png,data/real/val/images/e6_000263.png,544,368
e6_000264,e6,000264,train,data/synthetic/train/images/e6_000264.png,data/real/train/images/e6_000264.png,544,368
e6_000265,e6,000265,train,data/synthetic/train/images/e6_000265.png,data/real/train/images/e6_000265.png,544,368
e6_000266,e6,000266,train,data/synthetic/train/images/e6_000266.png,data/real/train/images/e6_000266.png,544,368
e6_000267,e6,000267,train,data/synthetic/train/images/e6_000267.png,data/real/train/images/e6_000267.png,544,368
e6_000268,e6,000268,train,data/synthetic/val/images/e6_000268.png,data/real/val/images/e6_000268.png,544,368
e6_000269,e6,000269,train,data/synthetic/train/images/e6_000269.png,data/real/train/images/e6_000269.png,544,368
e18_000000,e18,000000,test,data/synthetic/val/images/e18_000000.png,data/real/val/images/e18_000000.png,544,368
e18_000001,e18,000001,test,data/synthetic/val/images/e18_000001.png,data/real/val/images/e18_000001.png,544,368
e18_000002,e18,000002,test,data/synthetic/train/images/e18_000002.png,data/real/train/images/e18_000002.png,544,368
e18_000003,e18,000003,test,data/synthetic/train/images/e18_000003.png,data/real/train/images/e18_000003.png,544,368
e18_000004,e18,000004,test,data/synthetic/train/images/e18_000004.png,data/real/train/images/e18_000004.png,544,368
e18_000005,e18,000005,test,data/synthetic/train/images/e18_000005.png,data/real/train/images/e18_000005.png,544,368
e18_000006,e18,000006,test,data/synthetic/val/images/e18_000006.png,data/real/val/images/e18_000006.png,544,368
e18_000007,e18,000007,test,data/synthetic/train/images/e18_000007.png,data/real/train/images/e18_000007.png,544,368
e18_000008,e18,000008,test,data/synthetic/val/images/e18_000008.png,data/real/val/images/e18_000008.png,544,368
e18_000009,e18,000009,test,data/synthetic/train/images/e18_000009.png,data/real/train/images/e18_000009.png,544,368
e18_000010,e18,000010,test,data/synthetic/val/images/e18_000010.png,data/real/val/images/e18_000010.png,544,368
e18_000011,e18,000011,test,data/synthetic/train/images/e18_000011.png,data/real/train/images/e18_000011.png,544,368
e18_000012,e18,000012,test,data/synthetic/val/images/e18_000012.png,data/real/val/images/e18_000012.png,544,368
e18_000013,e18,000013,test,data/synthetic/train/images/e18_000013.png,data/real/train/images/e18_000013.png,544,368
e18_000014,e18,000014,test,data/synthetic/val/images/e18_000014.png,data/real/val/images/e18_000014.png,544,368
e18_000015,e18,000015,test,data/synthetic/val/images/e18_000015.png,data/real/val/images/e18_000015.png,544,368
e18_000016,e18,000016,test,data/synthetic/train/images/e18_000016.png,data/real/train/images/e18_000016.png,544,368
e18_000017,e18,000017,test,data/synthetic/val/images/e18_000017.png,data/real/val/images/e18_000017.png,544,368
e18_000018,e18,000018,test,data/synthetic/train/images/e18_000018.png,data/real/train/images/e18_000018.png,544,368
e18_000019,e18,000019,test,data/synthetic/train/images/e18_000019.png,data/real/train/images/e18_000019.png,544,368
e18_000020,e18,000020,test,data/synthetic/train/images/e18_000020.png,data/real/train/images/e18_000020.png,544,368
e18_000021,e18,000021,test,data/synthetic/val/images/e18_000021.png,data/real/val/images/e18_000021.png,544,368
e18_000022,e18,000022,test,data/synthetic/train/images/e18_000022.png,data/real/train/images/e18_000022.png,544,368
e18_000023,e18,000023,test,data/synthetic/train/images/e18_000023.png,data/real/train/images/e18_000023.png,544,368
e18_000024,e18,000024,test,data/synthetic/train/images/e18_000024.png,data/real/train/images/e18_000024.png,544,368
e18_000025,e18,000025,test,data/synthetic/train/images/e18_000025.png,data/real/train/images/e18_000025.png,544,368
e18_000026,e18,000026,test,data/synthetic/val/images/e18_000026.png,data/real/val/images/e18_000026.png,544,368
e18_000027,e18,000027,test,data/synthetic/train/images/e18_000027.png,data/real/train/images/e18_000027.png,544,368
e18_000028,e18,000028,test,data/synthetic/train/images/e18_000028.png,data/real/train/images/e18_000028.png,544,368
e18_000029,e18,000029,test,data/synthetic/train/images/e18_000029.png,data/real/train/images/e18_000029.png,544,368
e18_000030,e18,000030,test,data/synthetic/train/images/e18_000030.png,data/real/train/images/e18_000030.png,544,368
e18_000031,e18,000031,test,data/synthetic/val/images/e18_000031.png,data/real/val/images/e18_000031.png,544,368
e18_000032,e18,000032,test,data/synthetic/train/images/e18_000032.png,data/real/train/images/e18_000032.png,544,368
e18_000033,e18,000033,test,data/synthetic/train/images/e18_000033.png,data/real/train/images/e18_000033.png,544,368
e18_000034,e18,000034,test,data/synthetic/val/images/e18_000034.png,data/real/val/images/e18_000034.png,544,368
e18_000035,e18,000035,test,data/synthetic/train/images/e18_000035.png,data/real/train/images/e18_000035.png,544,368
e18_000036,e18,000036,test,data/synthetic/train/images/e18_000036.png,data/real/train/images/e18_000036.png,544,368
e18_000037,e18,000037,test,data/synthetic/val/images/e18_000037.png,data/real/val/images/e18_000037.png,544,368
e18_000038,e18,000038,test,data/synthetic/train/images/e18_000038.png,data/real/train/images/e18_000038.png,544,368
e18_000039,e18,000039,test,data/synthetic/train/images/e18_000039.png,data/real/train/images/e18_000039.png,544,368
e18_000040,e18,000040,test,data/synthetic/train/images/e18_000040.png,data/real/train/images/e18_000040.png,544,368
e18_000041,e18,000041,test,data/synthetic/train/images/e18_000041.png,data/real/train/images/e18_000041.png,544,368
e18_000042,e18,000042,test,data/synthetic/train/images/e18_000042.png,data/real/train/images/e18_000042.png,544,368
e18_000043,e18,000043,test,data/synthetic/train/images/e18_000043.png,data/real/train/images/e18_000043.png,544,368
e18_000044,e18,000044,test,data/synthetic/train/images/e18_000044.png,data/real/train/images/e18_000044.png,544,368
e18_000045,e18,000045,test,data/synthetic/val/images/e18_000045.png,data/real/val/images/e18_000045.png,544,368
e18_000046,e18,000046,test,data/synthetic/val/images/e18_000046.png,data/real/val/images/e18_000046.png,544,368
e18_000047,e18,000047,test,data/synthetic/train/images/e18_000047.png,data/real/train/images/e18_000047.png,544,368
e18_000048,e18,000048,test,data/synthetic/val/images/e18_000048.png,data/real/val/images/e18_000048.png,544,368
e18_000049,e18,000049,test,data/synthetic/train/images/e18_000049.png,data/real/train/images/e18_000049.png,544,368
e18_000050,e18,000050,test,data/synthetic/val/images/e18_000050.png,data/real/val/images/e18_000050.png,544,368
e18_000051,e18,000051,test,data/synthetic/train/images/e18_000051.png,data/real/train/images/e18_000051.png,544,368
e18_000052,e18,000052,test,data/synthetic/val/images/e18_000052.png,data/real/val/images/e18_000052.png,544,368
e18_000053,e18,000053,test,data/synthetic/train/images/e18_000053.png,data/real/train/images/e18_000053.png,544,368
e18_000054,e18,000054,test,data/synthetic/train/images/e18_000054.png,data/real/train/images/e18_000054.png,544,368
e18_000055,e18,000055,test,data/synthetic/val/images/e18_000055.png,data/real/val/images/e18_000055.png,544,368
e18_000056,e18,000056,test,data/synthetic/train/images/e18_000056.png,data/real/train/images/e18_000056.png,544,368
e18_000057,e18,000057,test,data/synthetic/train/images/e18_000057.png,data/real/train/images/e18_000057.png,544,368
e18_000058,e18,000058,test,data/synthetic/train/images/e18_000058.png,data/real/train/images/e18_000058.png,544,368
e18_000059,e18,000059,test,data/synthetic/train/images/e18_000059.png,data/real/train/images/e18_000059.png,544,368
e18_000060,e18,000060,test,data/synthetic/train/images/e18_000060.png,data/real/train/images/e18_000060.png,544,368
e18_000061,e18,000061,test,data/synthetic/train/images/e18_000061.png,data/real/train/images/e18_000061.png,544,368
e18_000062,e18,000062,test,data/synthetic/val/images/e18_000062.png,data/real/val/images/e18_000062.png,544,368
e18_000063,e18,000063,test,data/synthetic/train/images/e18_000063.png,data/real/train/images/e18_000063.png,544,368
e18_000064,e18,000064,test,data/synthetic/val/images/e18_000064.png,data/real/val/images/e18_000064.png,544,368
e18_000065,e18,000065,test,data/synthetic/train/images/e18_000065.png,data/real/train/images/e18_000065.png,544,368
e18_000066,e18,000066,test,data/synthetic/val/images/e18_000066.png,data/real/val/images/e18_000066.png,544,368
e18_000067,e18,000067,test,data/synthetic/train/images/e18_000067.png,data/real/train/images/e18_000067.png,544,368
e18_000068,e18,000068,test,data/synthetic/train/images/e18_000068.png,data/real/train/images/e18_000068.png,544,368
e18_000069,e18,000069,test,data/synthetic/train/images/e18_000069.png,data/real/train/images/e18_000069.png,544,368
e18_000070,e18,000070,test,data/synthetic/train/images/e18_000070.png,data/real/train/images/e18_000070.png,544,368
e18_000071,e18,000071,test,data/synthetic/val/images/e18_000071.png,data/real/val/images/e18_000071.png,544,368
e18_000072,e18,000072,test,data/synthetic/train/images/e18_000072.png,data/real/train/images/e18_000072.png,544,368
e18_000073,e18,000073,test,data/synthetic/train/images/e18_000073.png,data/real/train/images/e18_000073.png,544,368
e18_000074,e18,000074,test,data/synthetic/train/images/e18_000074.png,data/real/train/images/e18_000074.png,544,368
e18_000075,e18,000075,test,data/synthetic/val/images/e18_000075.png,data/real/val/images/e18_000075.png,544,368
e18_000076,e18,000076,test,data/synthetic/train/images/e18_000076.png,data/real/train/images/e18_000076.png,544,368
e18_000077,e18,000077,test,data/synthetic/train/images/e18_000077.png,data/real/train/images/e18_000077.png,544,368
e18_000078,e18,000078,test,data/synthetic/val/images/e18_000078.png,data/real/val/images/e18_000078.png,544,368
e18_000079,e18,000079,test,data/synthetic/train/images/e18_000079.png,data/real/train/images/e18_000079.png,544,368
e18_000080,e18,000080,test,data/synthetic/train/images/e18_000080.png,data/real/train/images/e18_000080.png,544,368
e18_000081,e18,000081,test,data/synthetic/train/images/e18_000081.png,data/real/train/images/e18_000081.png,544,368
e18_000082,e18,000082,test,data/synthetic/train/images/e18_000082.png,data/real/train/images/e18_000082.png,544,368
e18_000083,e18,000083,test,data/synthetic/train/images/e18_000083.png,data/real/train/images/e18_000083.png,544,368
e18_000084,e18,000084,test,data/synthetic/train/images/e18_000084.png,data/real/train/images/e18_000084.png,544,368
e18_000085,e18,000085,test,data/synthetic/val/images/e18_000085.png,data/real/val/images/e18_000085.png,544,368
e18_000086,e18,000086,test,data/synthetic/train/images/e18_000086.png,data/real/train/images/e18_000086.png,544,368
e18_000087,e18,000087,test,data/synthetic/train/images/e18_000087.png,data/real/train/images/e18_000087.png,544,368
e18_000088,e18,000088,test,data/synthetic/train/images/e18_000088.png,data/real/train/images/e18_000088.png,544,368
e18_000089,e18,000089,test,data/synthetic/val/images/e18_000089.png,data/real/val/images/e18_000089.png,544,368
e18_000090,e18,000090,test,data/synthetic/val/images/e18_000090.png,data/real/val/images/e18_000090.png,544,368
e18_000091,e18,000091,test,data/synthetic/train/images/e18_000091.png,data/real/train/images/e18_000091.png,544,368
e18_000092,e18,000092,test,data/synthetic/val/images/e18_000092.png,data/real/val/images/e18_000092.png,544,368
e18_000093,e18,000093,test,data/synthetic/train/images/e18_000093.png,data/real/train/images/e18_000093.png,544,368
e18_000094,e18,000094,test,data/synthetic/train/images/e18_000094.png,data/real/train/images/e18_000094.png,544,368
e18_000095,e18,000095,test,data/synthetic/train/images/e18_000095.png,data/real/train/images/e18_000095.png,544,368
e18_000096,e18,000096,test,data/synthetic/val/images/e18_000096.png,data/real/val/images/e18_000096.png,544,368
e18_000097,e18,000097,test,data/synthetic/train/images/e18_000097.png,data/real/train/images/e18_000097.png,544,368
e18_000098,e18,000098,test,data/synthetic/train/images/e18_000098.png,data/real/train/images/e18_000098.png,544,368
e18_000099,e18,000099,test,data/synthetic/train/images/e18_000099.png,data/real/train/images/e18_000099.png,544,368
e18_000100,e18,000100,test,data/synthetic/train/images/e18_000100.png,data/real/train/images/e18_000100.png,544,368
e18_000101,e18,000101,test,data/synthetic/train/images/e18_000101.png,data/real/train/images/e18_000101.png,544,368
e18_000102,e18,000102,test,data/synthetic/val/images/e18_000102.png,data/real/val/images/e18_000102.png,544,368
e18_000103,e18,000103,test,data/synthetic/val/images/e18_000103.png,data/real/val/images/e18_000103.png,544,368
e18_000104,e18,000104,test,data/synthetic/train/images/e18_000104.png,data/real/train/images/e18_000104.png,544,368
e18_000105,e18,000105,test,data/synthetic/train/images/e18_000105.png,data/real/train/images/e18_000105.png,544,368
e18_000106,e18,000106,test,data/synthetic/train/images/e18_000106.png,data/real/train/images/e18_000106.png,544,368
e18_000107,e18,000107,test,data/synthetic/val/images/e18_000107.png,data/real/val/images/e18_000107.png,544,368
e18_000108,e18,000108,test,data/synthetic/val/images/e18_000108.png,data/real/val/images/e18_000108.png,544,368
e18_000109,e18,000109,test,data/synthetic/train/images/e18_000109.png,data/real/train/images/e18_000109.png,544,368
e18_000110,e18,000110,test,data/synthetic/train/images/e18_000110.png,data/real/train/images/e18_000110.png,544,368
e18_000111,e18,000111,test,data/synthetic/train/images/e18_000111.png,data/real/train/images/e18_000111.png,544,368
e18_000112,e18,000112,test,data/synthetic/train/images/e18_000112.png,data/real/train/images/e18_000112.png,544,368
e18_000113,e18,000113,test,data/synthetic/train/images/e18_000113.png,data/real/train/images/e18_000113.png,544,368
e18_000114,e18,000114,test,data/synthetic/train/images/e18_000114.png,data/real/train/images/e18_000114.png,544,368
e18_000115,e18,000115,test,data/synthetic/train/images/e18_000115.png,data/real/train/images/e18_000115.png,544,368
e18_000116,e18,000116,test,data/synthetic/train/images/e18_000116.png,data/real/train/images/e18_000116.png,544,368
e18_000117,e18,000117,test,data/synthetic/train/images/e18_000117.png,data/real/train/images/e18_000117.png,544,368
e18_000118,e18,000118,test,data/synthetic/val/images/e18_000118.png,data/real/val/images/e18_000118.png,544,368
e18_000119,e18,000119,test,data/synthetic/train/images/e18_000119.png,data/real/train/images/e18_000119.png,544,368
e18_000120,e18,000120,test,data/synthetic/train/images/e18_000120.png,data/real/train/images/e18_000120.png,544,368
e18_000121,e18,000121,test,data/synthetic/train/images/e18_000121.png,data/real/train/images/e18_000121.png,544,368
e18_000122,e18,000122,test,data/synthetic/val/images/e18_000122.png,data/real/val/images/e18_000122.png,544,368
e18_000123,e18,000123,test,data/synthetic/train/images/e18_000123.png,data/real/train/images/e18_000123.png,544,368
e18_000124,e18,000124,test,data/synthetic/train/images/e18_000124.png,data/real/train/images/e18_000124.png,544,368
e18_000125,e18,000125,test,data/synthetic/train/images/e18_000125.png,data/real/train/images/e18_000125.png,544,368
e18_000126,e18,000126,test,data/synthetic/train/images/e18_000126.png,data/real/train/images/e18_000126.png,544,368
e18_000127,e18,000127,test,data/synthetic/val/images/e18_000127.png,data/real/val/images/e18_000127.png,544,368
e18_000128,e18,000128,test,data/synthetic/train/images/e18_000128.png,data/real/train/images/e18_000128.png,544,368
e18_000129,e18,000129,test,data/synthetic/train/images/e18_000129.png,data/real/train/images/e18_000129.png,544,368
e18_000130,e18,000130,test,data/synthetic/train/images/e18_000130.png,data/real/train/images/e18_000130.png,544,368
e18_000131,e18,000131,test,data/synthetic/train/images/e18_000131.png,data/real/train/images/e18_000131.png,544,368
e18_000132,e18,000132,test,data/synthetic/val/images/e18_000132.png,data/real/val/images/e18_000132.png,544,368
e18_000133,e18,000133,test,data/synthetic/train/images/e18_000133.png,data/real/train/images/e18_000133.png,544,368
e18_000134,e18,000134,test,data/synthetic/train/images/e18_000134.png,data/real/train/images/e18_000134.png,544,368
e18_000135,e18,000135,test,data/synthetic/train/images/e18_000135.png,data/real/train/images/e18_000135.png,544,368
e18_000136,e18,000136,test,data/synthetic/train/images/e18_000136.png,data/real/train/images/e18_000136.png,544,368
e18_000137,e18,000137,test,data/synthetic/train/images/e18_000137.png,data/real/train/images/e18_000137.png,544,368
e18_000138,e18,000138,test,data/synthetic/train/images/e18_000138.png,data/real/train/images/e18_000138.png,544,368
e18_000139,e18,000139,test,data/synthetic/train/images/e18_000139.png,data/real/train/images/e18_000139.png,544,368
e18_000140,e18,000140,test,data/synthetic/train/images/e18_000140.png,data/real/train/images/e18_000140.png,544,368
e18_000141,e18,000141,test,data/synthetic/train/images/e18_000141.png,data/real/train/images/e18_000141.png,544,368
e18_000142,e18,000142,test,data/synthetic/val/images/e18_000142.png,data/real/val/images/e18_000142.png,544,368
e18_000143,e18,000143,test,data/synthetic/train/images/e18_000143.png,data/real/train/images/e18_000143.png,544,368
e18_000144,e18,000144,test,data/synthetic/val/images/e18_000144.png,data/real/val/images/e18_000144.png,544,368
e18_000145,e18,000145,test,data/synthetic/train/images/e18_000145.png,data/real/train/images/e18_000145.png,544,368
e18_000146,e18,000146,test,data/synthetic/train/images/e18_000146.png,data/real/train/images/e18_000146.png,544,368
e18_000147,e18,000147,test,data/synthetic/train/images/e18_000147.png,data/real/train/images/e18_000147.png,544,368
e18_000148,e18,000148,test,data/synthetic/train/images/e18_000148.png,data/real/train/images/e18_000148.png,544,368
e18_000149,e18,000149,test,data/synthetic/train/images/e18_000149.png,data/real/train/images/e18_000149.png,544,368
e18_000150,e18,000150,test,data/synthetic/train/images/e18_000150.png,data/real/train/images/e18_000150.png,544,368
e18_000151,e18,000151,test,data/synthetic/train/images/e18_000151.png,data/real/train/images/e18_000151.png,544,368
e18_000152,e18,000152,test,data/synthetic/train/images/e18_000152.png,data/real/train/images/e18_000152.png,544,368
e18_000153,e18,000153,test,data/synthetic/train/images/e18_000153.png,data/real/train/images/e18_000153.png,544,368
e18_000154,e18,000154,test,data/synthetic/train/images/e18_000154.png,data/real/train/images/e18_000154.png,544,368
e18_000155,e18,000155,test,data/synthetic/train/images/e18_000155.png,data/real/train/images/e18_000155.png,544,368
e18_000156,e18,000156,test,data/synthetic/train/images/e18_000156.png,data/real/train/images/e18_000156.png,544,368
e18_000157,e18,000157,test,data/synthetic/val/images/e18_000157.png,data/real/val/images/e18_000157.png,544,368
e18_000158,e18,000158,test,data/synthetic/train/images/e18_000158.png,data/real/train/images/e18_000158.png,544,368
e18_000159,e18,000159,test,data/synthetic/train/images/e18_000159.png,data/real/train/images/e18_000159.png,544,368
e18_000160,e18,000160,test,data/synthetic/train/images/e18_000160.png,data/real/train/images/e18_000160.png,544,368
e18_000161,e18,000161,test,data/synthetic/train/images/e18_000161.png,data/real/train/images/e18_000161.png,544,368
e18_000162,e18,000162,test,data/synthetic/val/images/e18_000162.png,data/real/val/images/e18_000162.png,544,368
e18_000163,e18,000163,test,data/synthetic/train/images/e18_000163.png,data/real/train/images/e18_000163.png,544,368
e18_000164,e18,000164,test,data/synthetic/train/images/e18_000164.png,data/real/train/images/e18_000164.png,544,368
e18_000165,e18,000165,test,data/synthetic/val/images/e18_000165.png,data/real/val/images/e18_000165.png,544,368
e18_000166,e18,000166,test,data/synthetic/train/images/e18_000166.png,data/real/train/images/e18_000166.png,544,368
e18_000167,e18,000167,test,data/synthetic/train/images/e18_000167.png,data/real/train/images/e18_000167.png,544,368
e18_000168,e18,000168,test,data/synthetic/train/images/e18_000168.png,data/real/train/images/e18_000168.png,544,368
e18_000169,e18,000169,test,data/synthetic/train/images/e18_000169.png,data/real/train/images/e18_000169.png,544,368
e18_000170,e18,000170,test,data/synthetic/val/images/e18_000170.png,data/real/val/images/e18_000170.png,544,368
e18_000171,e18,000171,test,data/synthetic/train/images/e18_000171.png,data/real/train/images/e18_000171.png,544,368
e18_000172,e18,000172,test,data/synthetic/val/images/e18_000172.png,data/real/val/images/e18_000172.png,544,368
e18_000173,e18,000173,test,data/synthetic/val/images/e18_000173.png,data/real/val/images/e18_000173.png,544,368
e18_000174,e18,000174,test,data/synthetic/train/images/e18_000174.png,data/real/train/images/e18_000174.png,544,368
e18_000175,e18,000175,test,data/synthetic/train/images/e18_000175.png,data/real/train/images/e18_000175.png,544,368
e18_000176,e18,000176,test,data/synthetic/train/images/e18_000176.png,data/real/train/images/e18_000176.png,544,368
e18_000177,e18,000177,test,data/synthetic/train/images/e18_000177.png,data/real/train/images/e18_000177.png,544,368
e18_000178,e18,000178,test,data/synthetic/val/images/e18_000178.png,data/real/val/images/e18_000178.png,544,368
e18_000179,e18,000179,test,data/synthetic/train/images/e18_000179.png,data/real/train/images/e18_000179.png,544,368
e18_000180,e18,000180,test,data/synthetic/train/images/e18_000180.png,data/real/train/images/e18_000180.png,544,368
e18_000181,e18,000181,test,data/synthetic/val/images/e18_000181.png,data/real/val/images/e18_000181.png,544,368
e18_000182,e18,000182,test,data/synthetic/train/images/e18_000182.png,data/real/train/images/e18_000182.png,544,368
e18_000183,e18,000183,test,data/synthetic/train/images/e18_000183.png,data/real/train/images/e18_000183.png,544,368
e18_000184,e18,000184,test,data/synthetic/train/images/e18_000184.png,data/real/train/images/e18_000184.png,544,368
e18_000185,e18,000185,test,data/synthetic/train/images/e18_000185.png,data/real/train/images/e18_000185.png,544,368
e18_000186,e18,000186,test,data/synthetic/train/images/e18_000186.png,data/real/train/images/e18_000186.png,544,368
e18_000187,e18,000187,test,data/synthetic/val/images/e18_000187.png,data/real/val/images/e18_000187.png,544,368
e18_000188,e18,000188,test,data/synthetic/train/images/e18_000188.png,data/real/train/images/e18_000188.png,544,368
e18_000189,e18,000189,test,data/synthetic/train/images/e18_000189.png,data/real/train/images/e18_000189.png,544,368
e18_000190,e18,000190,test,data/synthetic/val/images/e18_000190.png,data/real/val/images/e18_000190.png,544,368
e18_000191,e18,000191,test,data/synthetic/train/images/e18_000191.png,data/real/train/images/e18_000191.png,544,368
e18_000192,e18,000192,test,data/synthetic/train/images/e18_000192.png,data/real/train/images/e18_000192.png,544,368
e18_000193,e18,000193,test,data/synthetic/val/images/e18_000193.png,data/real/val/images/e18_000193.png,544,368
e18_000194,e18,000194,test,data/synthetic/val/images/e18_000194.png,data/real/val/images/e18_000194.png,544,368
e18_000195,e18,000195,test,data/synthetic/train/images/e18_000195.png,data/real/train/images/e18_000195.png,544,368
e18_000196,e18,000196,test,data/synthetic/val/images/e18_000196.png,data/real/val/images/e18_000196.png,544,368
e18_000197,e18,000197,test,data/synthetic/train/images/e18_000197.png,data/real/train/images/e18_000197.png,544,368
e18_000198,e18,000198,test,data/synthetic/train/images/e18_000198.png,data/real/train/images/e18_000198.png,544,368
e18_000199,e18,000199,test,data/synthetic/train/images/e18_000199.png,data/real/train/images/e18_000199.png,544,368
e18_000200,e18,000200,test,data/synthetic/val/images/e18_000200.png,data/real/val/images/e18_000200.png,544,368
e18_000201,e18,000201,test,data/synthetic/train/images/e18_000201.png,data/real/train/images/e18_000201.png,544,368
e18_000202,e18,000202,test,data/synthetic/val/images/e18_000202.png,data/real/val/images/e18_000202.png,544,368
e18_000203,e18,000203,test,data/synthetic/train/images/e18_000203.png,data/real/train/images/e18_000203.png,544,368
e18_000204,e18,000204,test,data/synthetic/train/images/e18_000204.png,data/real/train/images/e18_000204.png,544,368
e18_000205,e18,000205,test,data/synthetic/val/images/e18_000205.png,data/real/val/images/e18_000205.png,544,368
e18_000206,e18,000206,test,data/synthetic/val/images/e18_000206.png,data/real/val/images/e18_000206.png,544,368
e18_000207,e18,000207,test,data/synthetic/train/images/e18_000207.png,data/real/train/images/e18_000207.png,544,368
e18_000208,e18,000208,test,data/synthetic/train/images/e18_000208.png,data/real/train/images/e18_000208.png,544,368
e18_000209,e18,000209,test,data/synthetic/train/images/e18_000209.png,data/real/train/images/e18_000209.png,544,368
e18_000210,e18,000210,test,data/synthetic/val/images/e18_000210.png,data/real/val/images/e18_000210.png,544,368
e18_000211,e18,000211,test,data/synthetic/val/images/e18_000211.png,data/real/val/images/e18_000211.png,544,368
e18_000212,e18,000212,test,data/synthetic/train/images/e18_000212.png,data/real/train/images/e18_000212.png,544,368
e18_000213,e18,000213,test,data/synthetic/val/images/e18_000213.png,data/real/val/images/e18_000213.png,544,368
e18_000214,e18,000214,test,data/synthetic/train/images/e18_000214.png,data/real/train/images/e18_000214.png,544,368
e18_000215,e18,000215,test,data/synthetic/train/images/e18_000215.png,data/real/train/images/e18_000215.png,544,368
e18_000216,e18,000216,test,data/synthetic/train/images/e18_000216.png,data/real/train/images/e18_000216.png,544,368
e18_000217,e18,000217,test,data/synthetic/train/images/e18_000217.png,data/real/train/images/e18_000217.png,544,368
e18_000218,e18,000218,test,data/synthetic/train/images/e18_000218.png,data/real/train/images/e18_000218.png,544,368
e18_000219,e18,000219,test,data/synthetic/train/images/e18_000219.png,data/real/train/images/e18_000219.png,544,368
e18_000220,e18,000220,test,data/synthetic/train/images/e18_000220.png,data/real/train/images/e18_000220.png,544,368
e18_000221,e18,000221,test,data/synthetic/train/images/e18_000221.png,data/real/train/images/e18_000221.png,544,368
e18_000222,e18,000222,test,data/synthetic/val/images/e18_000222.png,data/real/val/images/e18_000222.png,544,368
e18_000223,e18,000223,test,data/synthetic/train/images/e18_000223.png,data/real/train/images/e18_000223.png,544,368
e18_000224,e18,000224,test,data/synthetic/val/images/e18_000224.png,data/real/val/images/e18_000224.png,544,368
e18_000225,e18,000225,test,data/synthetic/val/images/e18_000225.png,data/real/val/images/e18_000225.png,544,368
e18_000226,e18,000226,test,data/synthetic/train/images/e18_000226.png,data/real/train/images/e18_000226.png,544,368
e18_000227,e18,000227,test,data/synthetic/train/images/e18_000227.png,data/real/train/images/e18_000227.png,544,368
e18_000228,e18,000228,test,data/synthetic/train/images/e18_000228.png,data/real/train/images/e18_000228.png,544,368
e18_000229,e18,000229,test,data/synthetic/val/images/e18_000229.png,data/real/val/images/e18_000229.png,544,368
e18_000230,e18,000230,test,data/synthetic/train/images/e18_000230.png,data/real/train/images/e18_000230.png,544,368
e18_000231,e18,000231,test,data/synthetic/train/images/e18_000231.png,data/real/train/images/e18_000231.png,544,368
e18_000232,e18,000232,test,data/synthetic/train/images/e18_000232.png,data/real/train/images/e18_000232.png,544,368
e18_000233,e18,000233,test,data/synthetic/val/images/e18_000233.png,data/real/val/images/e18_000233.png,544,368
e18_000234,e18,000234,test,data/synthetic/train/images/e18_000234.png,data/real/train/images/e18_000234.png,544,368
e18_000235,e18,000235,test,data/synthetic/val/images/e18_000235.png,data/real/val/images/e18_000235.png,544,368
e18_000236,e18,000236,test,data/synthetic/train/images/e18_000236.png,data/real/train/images/e18_000236.png,544,368
e18_000237,e18,000237,test,data/synthetic/train/images/e18_000237.png,data/real/train/images/e18_000237.png,544,368
e18_000238,e18,000238,test,data/synthetic/train/images/e18_000238.png,data/real/train/images/e18_000238.png,544,368
e18_000239,e18,000239,test,data/synthetic/val/images/e18_000239.png,data/real/val/images/e18_000239.png,544,368
e18_000240,e18,000240,test,data/synthetic/val/images/e18_000240.png,data/real/val/images/e18_000240.png,544,368
e18_000241,e18,000241,test,data/synthetic/train/images/e18_000241.png,data/real/train/images/e18_000241.png,544,368
e18_000242,e18,000242,test,data/synthetic/val/images/e18_000242.png,data/real/val/images/e18_000242.png,544,368
e18_000243,e18,000243,test,data/synthetic/val/images/e18_000243.png,data/real/val/images/e18_000243.png,544,368
e18_000244,e18,000244,test,data/synthetic/train/images/e18_000244.png,data/real/train/images/e18_000244.png,544,368
e18_000245,e18,000245,test,data/synthetic/val/images/e18_000245.png,data/real/val/images/e18_000245.png,544,368
e18_000246,e18,000246,test,data/synthetic/val/images/e18_000246.png,data/real/val/images/e18_000246.png,544,368
e18_000247,e18,000247,test,data/synthetic/val/images/e18_000247.png,data/real/val/images/e18_000247.png,544,368
e18_000248,e18,000248,test,data/synthetic/train/images/e18_000248.png,data/real/train/images/e18_000248.png,544,368
e18_000249,e18,000249,test,data/synthetic/val/images/e18_000249.png,data/real/val/images/e18_000249.png,544,368
e18_000250,e18,000250,test,data/synthetic/val/images/e18_000250.png,data/real/val/images/e18_000250.png,544,368
e18_000251,e18,000251,test,data/synthetic/train/images/e18_000251.png,data/real/train/images/e18_000251.png,544,368
e18_000252,e18,000252,test,data/synthetic/val/images/e18_000252.png,data/real/val/images/e18_000252.png,544,368
e18_000253,e18,000253,test,data/synthetic/train/images/e18_000253.png,data/real/train/images/e18_000253.png,544,368
e18_000254,e18,000254,test,data/synthetic/train/images/e18_000254.png,data/real/train/images/e18_000254.png,544,368
e18_000255,e18,000255,test,data/synthetic/train/images/e18_000255.png,data/real/train/images/e18_000255.png,544,368
e18_000256,e18,000256,test,data/synthetic/train/images/e18_000256.png,data/real/train/images/e18_000256.png,544,368
e18_000257,e18,000257,test,data/synthetic/train/images/e18_000257.png,data/real/train/images/e18_000257.png,544,368
e18_000258,e18,000258,test,data/synthetic/train/images/e18_000258.png,data/real/train/images/e18_000258.png,544,368
e18_000259,e18,000259,test,data/synthetic/train/images/e18_000259.png,data/real/train/images/e18_000259.png,544,368
e18_000260,e18,000260,test,data/synthetic/train/images/e18_000260.png,data/real/train/images/e18_000260.png,544,368
e18_000261,e18,000261,test,data/synthetic/train/images/e18_000261.png,data/real/train/images/e18_000261.png,544,368
e18_000262,e18,000262,test,data/synthetic/val/images/e18_000262.png,data/real/val/images/e18_000262.png,544,368
e18_000263,e18,000263,test,data/synthetic/val/images/e18_000263.png,data/real/val/images/e18_000263.png,544,368
e18_000264,e18,000264,test,data/synthetic/train/images/e18_000264.png,data/real/train/images/e18_000264.png,544,368
e18_000265,e18,000265,test,data/synthetic/train/images/e18_000265.png,data/real/train/images/e18_000265.png,544,368
e18_000266,e18,000266,test,data/synthetic/val/images/e18_000266.png,data/real/val/images/e18_000266.png,544,368
e18_000267,e18,000267,test,data/synthetic/train/images/e18_000267.png,data/real/train/images/e18_000267.png,544,368
e18_000268,e18,000268,test,data/synthetic/val/images/e18_000268.png,data/real/val/images/e18_000268.png,544,368
e18_000269,e18,000269,test,data/synthetic/train/images/e18_000269.png,data/real/train/images/e18_000269.png,544,368
e18_000270,e18,000270,test,data/synthetic/train/images/e18_000270.png,data/real/train/images/e18_000270.png,544,368
e18_000271,e18,000271,test,data/synthetic/train/images/e18_000271.png,data/real/train/images/e18_000271.png,544,368
e18_000272,e18,000272,test,data/synthetic/train/images/e18_000272.png,data/real/train/images/e18_000272.png,544,368
e18_000273,e18,000273,test,data/synthetic/train/images/e18_000273.png,data/real/train/images/e18_000273.png,544,368
e18_000274,e18,000274,test,data/synthetic/train/images/e18_000274.png,data/real/train/images/e18_000274.png,544,368
e18_000275,e18,000275,test,data/synthetic/train/images/e18_000275.png,data/real/train/images/e18_000275.png,544,368
e18_000276,e18,000276,test,data/synthetic/train/images/e18_000276.png,data/real/train/images/e18_000276.png,544,368
e18_000277,e18,000277,test,data/synthetic/train/images/e18_000277.png,data/real/train/images/e18_000277.png,544,368
e18_000278,e18,000278,test,data/synthetic/val/images/e18_000278.png,data/real/val/images/e18_000278.png,544,368
e18_000279,e18,000279,test,data/synthetic/val/images/e18_000279.png,data/real/val/images/e18_000279.png,544,368
e18_000280,e18,000280,test,data/synthetic/train/images/e18_000280.png,data/real/train/images/e18_000280.png,544,368
e18_000281,e18,000281,test,data/synthetic/train/images/e18_000281.png,data/real/train/images/e18_000281.png,544,368
e18_000282,e18,000282,test,data/synthetic/train/images/e18_000282.png,data/real/train/images/e18_000282.png,544,368
e18_000283,e18,000283,test,data/synthetic/train/images/e18_000283.png,data/real/train/images/e18_000283.png,544,368
e18_000284,e18,000284,test,data/synthetic/train/images/e18_000284.png,data/real/train/images/e18_000284.png,544,368
e18_000285,e18,000285,test,data/synthetic/train/images/e18_000285.png,data/real/train/images/e18_000285.png,544,368
e18_000286,e18,000286,test,data/synthetic/train/images/e18_000286.png,data/real/train/images/e18_000286.png,544,368
e18_000287,e18,000287,test,data/synthetic/train/images/e18_000287.png,data/real/train/images/e18_000287.png,544,368
e18_000288,e18,000288,test,data/synthetic/train/images/e18_000288.png,data/real/train/images/e18_000288.png,544,368
e18_000289,e18,000289,test,data/synthetic/train/images/e18_000289.png,data/real/train/images/e18_000289.png,544,368
e18_000290,e18,000290,test,data/synthetic/train/images/e18_000290.png,data/real/train/images/e18_000290.png,544,368
e18_000291,e18,000291,test,data/synthetic/train/images/e18_000291.png,data/real/train/images/e18_000291.png,544,368
e18_000292,e18,000292,test,data/synthetic/train/images/e18_000292.png,data/real/train/images/e18_000292.png,544,368
e18_000293,e18,000293,test,data/synthetic/val/images/e18_000293.png,data/real/val/images/e18_000293.png,544,368
e18_000294,e18,000294,test,data/synthetic/val/images/e18_000294.png,data/real/val/images/e18_000294.png,544,368
e18_000295,e18,000295,test,data/synthetic/train/images/e18_000295.png,data/real/train/images/e18_000295.png,544,368
e18_000296,e18,000296,test,data/synthetic/train/images/e18_000296.png,data/real/train/images/e18_000296.png,544,368
e18_000297,e18,000297,test,data/synthetic/train/images/e18_000297.png,data/real/train/images/e18_000297.png,544,368
e18_000298,e18,000298,test,data/synthetic/val/images/e18_000298.png,data/real/val/images/e18_000298.png,544,368
e18_000299,e18,000299,test,data/synthetic/train/images/e18_000299.png,data/real/train/images/e18_000299.png,544,368
e18_000300,e18,000300,test,data/synthetic/train/images/e18_000300.png,data/real/train/images/e18_000300.png,544,368
e18_000301,e18,000301,test,data/synthetic/train/images/e18_000301.png,data/real/train/images/e18_000301.png,544,368
e18_000302,e18,000302,test,data/synthetic/train/images/e18_000302.png,data/real/train/images/e18_000302.png,544,368
e18_000303,e18,000303,test,data/synthetic/val/images/e18_000303.png,data/real/val/images/e18_000303.png,544,368
e18_000304,e18,000304,test,data/synthetic/val/images/e18_000304.png,data/real/val/images/e18_000304.png,544,368
e18_000305,e18,000305,test,data/synthetic/train/images/e18_000305.png,data/real/train/images/e18_000305.png,544,368
e18_000306,e18,000306,test,data/synthetic/val/images/e18_000306.png,data/real/val/images/e18_000306.png,544,368
e18_000307,e18,000307,test,data/synthetic/train/images/e18_000307.png,data/real/train/images/e18_000307.png,544,368
e18_000308,e18,000308,test,data/synthetic/train/images/e18_000308.png,data/real/train/images/e18_000308.png,544,368
e18_000309,e18,000309,test,data/synthetic/train/images/e18_000309.png,data/real/train/images/e18_000309.png,544,368
e18_000310,e18,000310,test,data/synthetic/val/images/e18_000310.png,data/real/val/images/e18_000310.png,544,368
e18_000311,e18,000311,test,data/synthetic/val/images/e18_000311.png,data/real/val/images/e18_000311.png,544,368
e18_000312,e18,000312,test,data/synthetic/train/images/e18_000312.png,data/real/train/images/e18_000312.png,544,368
e18_000313,e18,000313,test,data/synthetic/val/images/e18_000313.png,data/real/val/images/e18_000313.png,544,368
e18_000314,e18,000314,test,data/synthetic/train/images/e18_000314.png,data/real/train/images/e18_000314.png,544,368
e18_000315,e18,000315,test,data/synthetic/train/images/e18_000315.png,data/real/train/images/e18_000315.png,544,368
e18_000316,e18,000316,test,data/synthetic/train/images/e18_000316.png,data/real/train/images/e18_000316.png,544,368
e18_000317,e18,000317,test,data/synthetic/train/images/e18_000317.png,data/real/train/images/e18_000317.png,544,368
e18_000318,e18,000318,test,data/synthetic/val/images/e18_000318.png,data/real/val/images/e18_000318.png,544,368
e18_000319,e18,000319,test,data/synthetic/val/images/e18_000319.png,data/real/val/images/e18_000319.png,544,368
e18_000320,e18,000320,test,data/synthetic/train/images/e18_000320.png,data/real/train/images/e18_000320.png,544,368
e18_000321,e18,000321,test,data/synthetic/train/images/e18_000321.png,data/real/train/images/e18_000321.png,544,368
e18_000322,e18,000322,test,data/synthetic/train/images/e18_000322.png,data/real/train/images/e18_000322.png,544,368
e18_000323,e18,000323,test,data/synthetic/train/images/e18_000323.png,data/real/train/images/e18_000323.png,544,368
e18_000324,e18,000324,test,data/synthetic/train/images/e18_000324.png,data/real/train/images/e18_000324.png,544,368
e18_000325,e18,000325,test,data/synthetic/train/images/e18_000325.png,data/real/train/images/e18_000325.png,544,368
e18_000326,e18,000326,test,data/synthetic/train/images/e18_000326.png,data/real/train/images/e18_000326.png,544,368
e18_000327,e18,000327,test,data/synthetic/train/images/e18_000327.png,data/real/train/images/e18_000327.png,544,368
e18_000328,e18,000328,test,data/synthetic/train/images/e18_000328.png,data/real/train/images/e18_000328.png,544,368
e18_000329,e18,000329,test,data/synthetic/train/images/e18_000329.png,data/real/train/images/e18_000329.png,544,368
e18_000330,e18,000330,test,data/synthetic/train/images/e18_000330.png,data/real/train/images/e18_000330.png,544,368
e18_000331,e18,000331,test,data/synthetic/train/images/e18_000331.png,data/real/train/images/e18_000331.png,544,368
e18_000332,e18,000332,test,data/synthetic/train/images/e18_000332.png,data/real/train/images/e18_000332.png,544,368
e18_000333,e18,000333,test,data/synthetic/train/images/e18_000333.png,data/real/train/images/e18_000333.png,544,368
e18_000334,e18,000334,test,data/synthetic/train/images/e18_000334.png,data/real/train/images/e18_000334.png,544,368
e18_000335,e18,000335,test,data/synthetic/train/images/e18_000335.png,data/real/train/images/e18_000335.png,544,368
e18_000336,e18,000336,test,data/synthetic/train/images/e18_000336.png,data/real/train/images/e18_000336.png,544,368
e18_000337,e18,000337,test,data/synthetic/train/images/e18_000337.png,data/real/train/images/e18_000337.png,544,368
e18_000338,e18,000338,test,data/synthetic/val/images/e18_000338.png,data/real/val/images/e18_000338.png,544,368
e20_000000,e20,000000,train,data/synthetic/train/images/e20_000000.png,data/real/train/images/e20_000000.png,544,368
e20_000001,e20,000001,train,data/synthetic/train/images/e20_000001.png,data/real/train/images/e20_000001.png,544,368
e20_000002,e20,000002,train,data/synthetic/train/images/e20_000002.png,data/real/train/images/e20_000002.png,544,368
e20_000003,e20,000003,train,data/synthetic/train/images/e20_000003.png,data/real/train/images/e20_000003.png,544,368
e20_000004,e20,000004,train,data/synthetic/train/images/e20_000004.png,data/real/train/images/e20_000004.png,544,368
e20_000005,e20,000005,train,data/synthetic/val/images/e20_000005.png,data/real/val/images/e20_000005.png,544,368
e20_000006,e20,000006,train,data/synthetic/train/images/e20_000006.png,data/real/train/images/e20_000006.png,544,368
e20_000007,e20,000007,train,data/synthetic/train/images/e20_000007.png,data/real/train/images/e20_000007.png,544,368
e20_000008,e20,000008,train,data/synthetic/train/images/e20_000008.png,data/real/train/images/e20_000008.png,544,368
e20_000009,e20,000009,train,data/synthetic/val/images/e20_000009.png,data/real/val/images/e20_000009.png,544,368
e20_000010,e20,000010,train,data/synthetic/train/images/e20_000010.png,data/real/train/images/e20_000010.png,544,368
e20_000011,e20,000011,train,data/synthetic/val/images/e20_000011.png,data/real/val/images/e20_000011.png,544,368
e20_000012,e20,000012,train,data/synthetic/train/images/e20_000012.png,data/real/train/images/e20_000012.png,544,368
e20_000013,e20,000013,train,data/synthetic/train/images/e20_000013.png,data/real/train/images/e20_000013.png,544,368
e20_000014,e20,000014,train,data/synthetic/val/images/e20_000014.png,data/real/val/images/e20_000014.png,544,368
e20_000015,e20,000015,train,data/synthetic/train/images/e20_000015.png,data/real/train/images/e20_000015.png,544,368
e20_000016,e20,000016,train,data/synthetic/train/images/e20_000016.png,data/real/train/images/e20_000016.png,544,368
e20_000017,e20,000017,train,data/synthetic/val/images/e20_000017.png,data/real/val/images/e20_000017.png,544,368
e20_000018,e20,000018,train,data/synthetic/val/images/e20_000018.png,data/real/val/images/e20_000018.png,544,368
e20_000019,e20,000019,train,data/synthetic/train/images/e20_000019.png,data/real/train/images/e20_000019.png,544,368
e20_000020,e20,000020,train,data/synthetic/val/images/e20_000020.png,data/real/val/images/e20_000020.png,544,368
e20_000021,e20,000021,train,data/synthetic/train/images/e20_000021.png,data/real/train/images/e20_000021.png,544,368
e20_000022,e20,000022,train,data/synthetic/train/images/e20_000022.png,data/real/train/images/e20_000022.png,544,368
e20_000023,e20,000023,train,data/synthetic/train/images/e20_000023.png,data/real/train/images/e20_000023.png,544,368
e20_000024,e20,000024,train,data/synthetic/val/images/e20_000024.png,data/real/val/images/e20_000024.png,544,368
e20_000025,e20,000025,train,data/synthetic/train/images/e20_000025.png,data/real/train/images/e20_000025.png,544,368
e20_000026,e20,000026,train,data/synthetic/val/images/e20_000026.png,data/real/val/images/e20_000026.png,544,368
e20_000027,e20,000027,train,data/synthetic/train/images/e20_000027.png,data/real/train/images/e20_000027.png,544,368
e20_000028,e20,000028,train,data/synthetic/train/images/e20_000028.png,data/real/train/images/e20_000028.png,544,368
e20_000029,e20,000029,train,data/synthetic/train/images/e20_000029.png,data/real/train/images/e20_000029.png,544,368
e20_000030,e20,000030,train,data/synthetic/val/images/e20_000030.png,data/real/val/images/e20_000030.png,544,368
e20_000031,e20,000031,train,data/synthetic/train/images/e20_000031.png,data/real/train/images/e20_000031.png,544,368
e20_000032,e20,000032,train,data/synthetic/train/images/e20_000032.png,data/real/train/images/e20_000032.png,544,368
e20_000033,e20,000033,train,data/synthetic/train/images/e20_000033.png,data/real/train/images/e20_000033.png,544,368
e20_000034,e20,000034,train,data/synthetic/val/images/e20_000034.png,data/real/val/images/e20_000034.png,544,368
e20_000035,e20,000035,train,data/synthetic/val/images/e20_000035.png,data/real/val/images/e20_000035.png,544,368
e20_000036,e20,000036,train,data/synthetic/val/images/e20_000036.png,data/real/val/images/e20_000036.png,544,368
e20_000037,e20,000037,train,data/synthetic/train/images/e20_000037.png,data/real/train/images/e20_000037.png,544,368
e20_000038,e20,000038,train,data/synthetic/train/images/e20_000038.png,data/real/train/images/e20_000038.png,544,368
e20_000039,e20,000039,train,data/synthetic/train/images/e20_000039.png,data/real/train/images/e20_000039.png,544,368
e20_000040,e20,000040,train,data/synthetic/val/images/e20_000040.png,data/real/val/images/e20_000040.png,544,368
e20_000041,e20,000041,train,data/synthetic/train/images/e20_000041.png,data/real/train/images/e20_000041.png,544,368
e20_000042,e20,000042,train,data/synthetic/val/images/e20_000042.png,data/real/val/images/e20_000042.png,544,368
e20_000043,e20,000043,train,data/synthetic/train/images/e20_000043.png,data/real/train/images/e20_000043.png,544,368
e20_000044,e20,000044,train,data/synthetic/val/images/e20_000044.png,data/real/val/images/e20_000044.png,544,368
e20_000045,e20,000045,train,data/synthetic/train/images/e20_000045.png,data/real/train/images/e20_000045.png,544,368
e20_000046,e20,000046,train,data/synthetic/train/images/e20_000046.png,data/real/train/images/e20_000046.png,544,368
e20_000047,e20,000047,train,data/synthetic/val/images/e20_000047.png,data/real/val/images/e20_000047.png,544,368
e20_000048,e20,000048,train,data/synthetic/train/images/e20_000048.png,data/real/train/images/e20_000048.png,544,368
e20_000049,e20,000049,train,data/synthetic/train/images/e20_000049.png,data/real/train/images/e20_000049.png,544,368
e20_000050,e20,000050,train,data/synthetic/train/images/e20_000050.png,data/real/train/images/e20_000050.png,544,368
e20_000051,e20,000051,train,data/synthetic/train/images/e20_000051.png,data/real/train/images/e20_000051.png,544,368
e20_000052,e20,000052,train,data/synthetic/train/images/e20_000052.png,data/real/train/images/e20_000052.png,544,368
e20_000053,e20,000053,train,data/synthetic/train/images/e20_000053.png,data/real/train/images/e20_000053.png,544,368
e20_000054,e20,000054,train,data/synthetic/val/images/e20_000054.png,data/real/val/images/e20_000054.png,544,368
e20_000055,e20,000055,train,data/synthetic/train/images/e20_000055.png,data/real/train/images/e20_000055.png,544,368
e20_000056,e20,000056,train,data/synthetic/train/images/e20_000056.png,data/real/train/images/e20_000056.png,544,368
e20_000057,e20,000057,train,data/synthetic/train/images/e20_000057.png,data/real/train/images/e20_000057.png,544,368
e20_000058,e20,000058,train,data/synthetic/train/images/e20_000058.png,data/real/train/images/e20_000058.png,544,368
e20_000059,e20,000059,train,data/synthetic/val/images/e20_000059.png,data/real/val/images/e20_000059.png,544,368
e20_000060,e20,000060,train,data/synthetic/train/images/e20_000060.png,data/real/train/images/e20_000060.png,544,368
e20_000061,e20,000061,train,data/synthetic/train/images/e20_000061.png,data/real/train/images/e20_000061.png,544,368
e20_000062,e20,000062,train,data/synthetic/train/images/e20_000062.png,data/real/train/images/e20_000062.png,544,368
e20_000063,e20,000063,train,data/synthetic/train/images/e20_000063.png,data/real/train/images/e20_000063.png,544,368
e20_000064,e20,000064,train,data/synthetic/val/images/e20_000064.png,data/real/val/images/e20_000064.png,544,368
e20_000065,e20,000065,train,data/synthetic/val/images/e20_000065.png,data/real/val/images/e20_000065.png,544,368
e20_000066,e20,000066,train,data/synthetic/val/images/e20_000066.png,data/real/val/images/e20_000066.png,544,368
e20_000067,e20,000067,train,data/synthetic/train/images/e20_000067.png,data/real/train/images/e20_000067.png,544,368
e20_000068,e20,000068,train,data/synthetic/train/images/e20_000068.png,data/real/train/images/e20_000068.png,544,368
e20_000069,e20,000069,train,data/synthetic/train/images/e20_000069.png,data/real/train/images/e20_000069.png,544,368
e20_000070,e20,000070,train,data/synthetic/val/images/e20_000070.png,data/real/val/images/e20_000070.png,544,368
e20_000071,e20,000071,train,data/synthetic/train/images/e20_000071.png,data/real/train/images/e20_000071.png,544,368
e20_000072,e20,000072,train,data/synthetic/val/images/e20_000072.png,data/real/val/images/e20_000072.png,544,368
e20_000073,e20,000073,train,data/synthetic/val/images/e20_000073.png,data/real/val/images/e20_000073.png,544,368
e20_000074,e20,000074,train,data/synthetic/train/images/e20_000074.png,data/real/train/images/e20_000074.png,544,368
e20_000075,e20,000075,train,data/synthetic/train/images/e20_000075.png,data/real/train/images/e20_000075.png,544,368
e20_000076,e20,000076,train,data/synthetic/train/images/e20_000076.png,data/real/train/images/e20_000076.png,544,368
e20_000077,e20,000077,train,data/synthetic/train/images/e20_000077.png,data/real/train/images/e20_000077.png,544,368
e20_000078,e20,000078,train,data/synthetic/train/images/e20_000078.png,data/real/train/images/e20_000078.png,544,368
e20_000079,e20,000079,train,data/synthetic/val/images/e20_000079.png,data/real/val/images/e20_000079.png,544,368
e20_000080,e20,000080,train,data/synthetic/val/images/e20_000080.png,data/real/val/images/e20_000080.png,544,368
e20_000081,e20,000081,train,data/synthetic/train/images/e20_000081.png,data/real/train/images/e20_000081.png,544,368
e20_000082,e20,000082,train,data/synthetic/val/images/e20_000082.png,data/real/val/images/e20_000082.png,544,368
e20_000083,e20,000083,train,data/synthetic/val/images/e20_000083.png,data/real/val/images/e20_000083.png,544,368
e20_000084,e20,000084,train,data/synthetic/train/images/e20_000084.png,data/real/train/images/e20_000084.png,544,368
e20_000085,e20,000085,train,data/synthetic/train/images/e20_000085.png,data/real/train/images/e20_000085.png,544,368
e20_000086,e20,000086,train,data/synthetic/train/images/e20_000086.png,data/real/train/images/e20_000086.png,544,368
e20_000087,e20,000087,train,data/synthetic/train/images/e20_000087.png,data/real/train/images/e20_000087.png,544,368
e20_000088,e20,000088,train,data/synthetic/val/images/e20_000088.png,data/real/val/images/e20_000088.png,544,368
e20_000089,e20,000089,train,data/synthetic/val/images/e20_000089.png,data/real/val/images/e20_000089.png,544,368
e20_000090,e20,000090,train,data/synthetic/train/images/e20_000090.png,data/real/train/images/e20_000090.png,544,368
e20_000091,e20,000091,train,data/synthetic/val/images/e20_000091.png,data/real/val/images/e20_000091.png,544,368
e20_000092,e20,000092,train,data/synthetic/val/images/e20_000092.png,data/real/val/images/e20_000092.png,544,368
e20_000093,e20,000093,train,data/synthetic/val/images/e20_000093.png,data/real/val/images/e20_000093.png,544,368
e20_000094,e20,000094,train,data/synthetic/train/images/e20_000094.png,data/real/train/images/e20_000094.png,544,368
e20_000095,e20,000095,train,data/synthetic/val/images/e20_000095.png,data/real/val/images/e20_000095.png,544,368
e20_000096,e20,000096,train,data/synthetic/train/images/e20_000096.png,data/real/train/images/e20_000096.png,544,368
e20_000097,e20,000097,train,data/synthetic/train/images/e20_000097.png,data/real/train/images/e20_000097.png,544,368
e20_000098,e20,000098,train,data/synthetic/train/images/e20_000098.png,data/real/train/images/e20_000098.png,544,368
e20_000099,e20,000099,train,data/synthetic/val/images/e20_000099.png,data/real/val/images/e20_000099.png,544,368
e20_000100,e20,000100,train,data/synthetic/train/images/e20_000100.png,data/real/train/images/e20_000100.png,544,368
e20_000101,e20,000101,train,data/synthetic/train/images/e20_000101.png,data/real/train/images/e20_000101.png,544,368
e20_000102,e20,000102,train,data/synthetic/val/images/e20_000102.png,data/real/val/images/e20_000102.png,544,368
e20_000103,e20,000103,train,data/synthetic/train/images/e20_000103.png,data/real/train/images/e20_000103.png,544,368
e20_000104,e20,000104,train,data/synthetic/train/images/e20_000104.png,data/real/train/images/e20_000104.png,544,368
e20_000105,e20,000105,train,data/synthetic/train/images/e20_000105.png,data/real/train/images/e20_000105.png,544,368
e20_000106,e20,000106,train,data/synthetic/val/images/e20_000106.png,data/real/val/images/e20_000106.png,544,368
e20_000107,e20,000107,train,data/synthetic/train/images/e20_000107.png,data/real/train/images/e20_000107.png,544,368
e20_000108,e20,000108,train,data/synthetic/train/images/e20_000108.png,data/real/train/images/e20_000108.png,544,368
e20_000109,e20,000109,train,data/synthetic/train/images/e20_000109.png,data/real/train/images/e20_000109.png,544,368
e20_000110,e20,000110,train,data/synthetic/val/images/e20_000110.png,data/real/val/images/e20_000110.png,544,368
e20_000111,e20,000111,train,data/synthetic/train/images/e20_000111.png,data/real/train/images/e20_000111.png,544,368
e20_000112,e20,000112,train,data/synthetic/train/images/e20_000112.png,data/real/train/images/e20_000112.png,544,368
e20_000113,e20,000113,train,data/synthetic/train/images/e20_000113.png,data/real/train/images/e20_000113.png,544,368
e20_000114,e20,000114,train,data/synthetic/train/images/e20_000114.png,data/real/train/images/e20_000114.png,544,368
e20_000115,e20,000115,train,data/synthetic/train/images/e20_000115.png,data/real/train/images/e20_000115.png,544,368
e20_000116,e20,000116,train,data/synthetic/train/images/e20_000116.png,data/real/train/images/e20_000116.png,544,368
e20_000117,e20,000117,train,data/synthetic/train/images/e20_000117.png,data/real/train/images/e20_000117.png,544,368
e20_000118,e20,000118,train,data/synthetic/val/images/e20_000118.png,data/real/val/images/e20_000118.png,544,368
e20_000119,e20,000119,train,data/synthetic/train/images/e20_000119.png,data/real/train/images/e20_000119.png,544,368
e20_000120,e20,000120,train,data/synthetic/train/images/e20_000120.png,data/real/train/images/e20_000120.png,544,368
e20_000121,e20,000121,train,data/synthetic/val/images/e20_000121.png,data/real/val/images/e20_000121.png,544,368
e20_000122,e20,000122,train,data/synthetic/val/images/e20_000122.png,data/real/val/images/e20_000122.png,544,368
e20_000123,e20,000123,train,data/synthetic/train/images/e20_000123.png,data/real/train/images/e20_000123.png,544,368
e20_000124,e20,000124,train,data/synthetic/train/images/e20_000124.png,data/real/train/images/e20_000124.png,544,368
e20_000125,e20,000125,train,data/synthetic/val/images/e20_000125.png,data/real/val/images/e20_000125.png,544,368
e20_000126,e20,000126,train,data/synthetic/train/images/e20_000126.png,data/real/train/images/e20_000126.png,544,368
e20_000127,e20,000127,train,data/synthetic/val/images/e20_000127.png,data/real/val/images/e20_000127.png,544,368
e20_000128,e20,000128,train,data/synthetic/val/images/e20_000128.png,data/real/val/images/e20_000128.png,544,368
e20_000129,e20,000129,train,data/synthetic/train/images/e20_000129.png,data/real/train/images/e20_000129.png,544,368
e20_000130,e20,000130,train,data/synthetic/train/images/e20_000130.png,data/real/train/images/e20_000130.png,544,368
e20_000131,e20,000131,train,data/synthetic/val/images/e20_000131.png,data/real/val/images/e20_000131.png,544,368
e20_000132,e20,000132,train,data/synthetic/train/images/e20_000132.png,data/real/train/images/e20_000132.png,544,368
e20_000133,e20,000133,train,data/synthetic/val/images/e20_000133.png,data/real/val/images/e20_000133.png,544,368
e20_000134,e20,000134,train,data/synthetic/val/images/e20_000134.png,data/real/val/images/e20_000134.png,544,368
e20_000135,e20,000135,train,data/synthetic/train/images/e20_000135.png,data/real/train/images/e20_000135.png,544,368
e20_000136,e20,000136,train,data/synthetic/val/images/e20_000136.png,data/real/val/images/e20_000136.png,544,368
e20_000137,e20,000137,train,data/synthetic/train/images/e20_000137.png,data/real/train/images/e20_000137.png,544,368
e20_000138,e20,000138,train,data/synthetic/train/images/e20_000138.png,data/real/train/images/e20_000138.png,544,368
e20_000139,e20,000139,train,data/synthetic/train/images/e20_000139.png,data/real/train/images/e20_000139.png,544,368
e20_000140,e20,000140,train,data/synthetic/val/images/e20_000140.png,data/real/val/images/e20_000140.png,544,368
e20_000141,e20,000141,train,data/synthetic/train/images/e20_000141.png,data/real/train/images/e20_000141.png,544,368
e20_000142,e20,000142,train,data/synthetic/train/images/e20_000142.png,data/real/train/images/e20_000142.png,544,368
e20_000143,e20,000143,train,data/synthetic/val/images/e20_000143.png,data/real/val/images/e20_000143.png,544,368
e20_000144,e20,000144,train,data/synthetic/train/images/e20_000144.png,data/real/train/images/e20_000144.png,544,368
e20_000145,e20,000145,train,data/synthetic/train/images/e20_000145.png,data/real/train/images/e20_000145.png,544,368
e20_000146,e20,000146,train,data/synthetic/train/images/e20_000146.png,data/real/train/images/e20_000146.png,544,368
e20_000147,e20,000147,train,data/synthetic/train/images/e20_000147.png,data/real/train/images/e20_000147.png,544,368
e20_000148,e20,000148,train,data/synthetic/train/images/e20_000148.png,data/real/train/images/e20_000148.png,544,368
e20_000149,e20,000149,train,data/synthetic/train/images/e20_000149.png,data/real/train/images/e20_000149.png,544,368
e20_000150,e20,000150,train,data/synthetic/val/images/e20_000150.png,data/real/val/images/e20_000150.png,544,368
e20_000151,e20,000151,train,data/synthetic/train/images/e20_000151.png,data/real/train/images/e20_000151.png,544,368
e20_000152,e20,000152,train,data/synthetic/train/images/e20_000152.png,data/real/train/images/e20_000152.png,544,368
e20_000153,e20,000153,train,data/synthetic/train/images/e20_000153.png,data/real/train/images/e20_000153.png,544,368
e20_000154,e20,000154,train,data/synthetic/val/images/e20_000154.png,data/real/val/images/e20_000154.png,544,368
e20_000155,e20,000155,train,data/synthetic/train/images/e20_000155.png,data/real/train/images/e20_000155.png,544,368
e20_000156,e20,000156,train,data/synthetic/train/images/e20_000156.png,data/real/train/images/e20_000156.png,544,368
e20_000157,e20,000157,train,data/synthetic/train/images/e20_000157.png,data/real/train/images/e20_000157.png,544,368
e20_000158,e20,000158,train,data/synthetic/train/images/e20_000158.png,data/real/train/images/e20_000158.png,544,368
e20_000159,e20,000159,train,data/synthetic/train/images/e20_000159.png,data/real/train/images/e20_000159.png,544,368
e20_000160,e20,000160,train,data/synthetic/train/images/e20_000160.png,data/real/train/images/e20_000160.png,544,368
e20_000161,e20,000161,train,data/synthetic/train/images/e20_000161.png,data/real/train/images/e20_000161.png,544,368
e20_000162,e20,000162,train,data/synthetic/val/images/e20_000162.png,data/real/val/images/e20_000162.png,544,368
e20_000163,e20,000163,train,data/synthetic/train/images/e20_000163.png,data/real/train/images/e20_000163.png,544,368
e20_000164,e20,000164,train,data/synthetic/train/images/e20_000164.png,data/real/train/images/e20_000164.png,544,368
e20_000165,e20,000165,train,data/synthetic/train/images/e20_000165.png,data/real/train/images/e20_000165.png,544,368
e20_000166,e20,000166,train,data/synthetic/val/images/e20_000166.png,data/real/val/images/e20_000166.png,544,368
e20_000167,e20,000167,train,data/synthetic/train/images/e20_000167.png,data/real/train/images/e20_000167.png,544,368
e20_000168,e20,000168,train,data/synthetic/val/images/e20_000168.png,data/real/val/images/e20_000168.png,544,368
e20_000169,e20,000169,train,data/synthetic/train/images/e20_000169.png,data/real/train/images/e20_000169.png,544,368
e20_000170,e20,000170,train,data/synthetic/train/images/e20_000170.png,data/real/train/images/e20_000170.png,544,368
e20_000171,e20,000171,train,data/synthetic/train/images/e20_000171.png,data/real/train/images/e20_000171.png,544,368
e20_000172,e20,000172,train,data/synthetic/val/images/e20_000172.png,data/real/val/images/e20_000172.png,544,368
e20_000173,e20,000173,train,data/synthetic/train/images/e20_000173.png,data/real/train/images/e20_000173.png,544,368
e20_000174,e20,000174,train,data/synthetic/val/images/e20_000174.png,data/real/val/images/e20_000174.png,544,368
e20_000175,e20,000175,train,data/synthetic/train/images/e20_000175.png,data/real/train/images/e20_000175.png,544,368
e20_000176,e20,000176,train,data/synthetic/train/images/e20_000176.png,data/real/train/images/e20_000176.png,544,368
e20_000177,e20,000177,train,data/synthetic/train/images/e20_000177.png,data/real/train/images/e20_000177.png,544,368
e20_000178,e20,000178,train,data/synthetic/train/images/e20_000178.png,data/real/train/images/e20_000178.png,544,368
e20_000179,e20,000179,train,data/synthetic/train/images/e20_000179.png,data/real/train/images/e20_000179.png,544,368
e20_000180,e20,000180,train,data/synthetic/train/images/e20_000180.png,data/real/train/images/e20_000180.png,544,368
e20_000181,e20,000181,train,data/synthetic/train/images/e20_000181.png,data/real/train/images/e20_000181.png,544,368
e20_000182,e20,000182,train,data/synthetic/train/images/e20_000182.png,data/real/train/images/e20_000182.png,544,368
e20_000183,e20,000183,train,data/synthetic/train/images/e20_000183.png,data/real/train/images/e20_000183.png,544,368
e20_000184,e20,000184,train,data/synthetic/train/images/e20_000184.png,data/real/train/images/e20_000184.png,544,368
e20_000185,e20,000185,train,data/synthetic/val/images/e20_000185.png,data/real/val/images/e20_000185.png,544,368
e20_000186,e20,000186,train,data/synthetic/train/images/e20_000186.png,data/real/train/images/e20_000186.png,544,368
e20_000187,e20,000187,train,data/synthetic/train/images/e20_000187.png,data/real/train/images/e20_000187.png,544,368
e20_000188,e20,000188,train,data/synthetic/train/images/e20_000188.png,data/real/train/images/e20_000188.png,544,368
e20_000189,e20,000189,train,data/synthetic/train/images/e20_000189.png,data/real/train/images/e20_000189.png,544,368
e20_000190,e20,000190,train,data/synthetic/train/images/e20_000190.png,data/real/train/images/e20_000190.png,544,368
e20_000191,e20,000191,train,data/synthetic/val/images/e20_000191.png,data/real/val/images/e20_000191.png,544,368
e20_000192,e20,000192,train,data/synthetic/train/images/e20_000192.png,data/real/train/images/e20_000192.png,544,368
e20_000193,e20,000193,train,data/synthetic/train/images/e20_000193.png,data/real/train/images/e20_000193.png,544,368
e20_000194,e20,000194,train,data/synthetic/val/images/e20_000194.png,data/real/val/images/e20_000194.png,544,368
e20_000195,e20,000195,train,data/synthetic/val/images/e20_000195.png,data/real/val/images/e20_000195.png,544,368
e20_000196,e20,000196,train,data/synthetic/train/images/e20_000196.png,data/real/train/images/e20_000196.png,544,368
e20_000197,e20,000197,train,data/synthetic/val/images/e20_000197.png,data/real/val/images/e20_000197.png,544,368
e20_000198,e20,000198,train,data/synthetic/train/images/e20_000198.png,data/real/train/images/e20_000198.png,544,368
e20_000199,e20,000199,train,data/synthetic/val/images/e20_000199.png,data/real/val/images/e20_000199.png,544,368
e20_000200,e20,000200,train,data/synthetic/train/images/e20_000200.png,data/real/train/images/e20_000200.png,544,368
e20_000201,e20,000201,train,data/synthetic/train/images/e20_000201.png,data/real/train/images/e20_000201.png,544,368
e20_000202,e20,000202,train,data/synthetic/val/images/e20_000202.png,data/real/val/images/e20_000202.png,544,368
e20_000203,e20,000203,train,data/synthetic/train/images/e20_000203.png,data/real/train/images/e20_000203.png,544,368
e20_000204,e20,000204,train,data/synthetic/val/images/e20_000204.png,data/real/val/images/e20_000204.png,544,368
e20_000205,e20,000205,train,data/synthetic/train/images/e20_000205.png,data/real/train/images/e20_000205.png,544,368
e20_000206,e20,000206,train,data/synthetic/train/images/e20_000206.png,data/real/train/images/e20_000206.png,544,368
e20_000207,e20,000207,train,data/synthetic/train/images/e20_000207.png,data/real/train/images/e20_000207.png,544,368
e20_000208,e20,000208,train,data/synthetic/val/images/e20_000208.png,data/real/val/images/e20_000208.png,544,368
e20_000209,e20,000209,train,data/synthetic/val/images/e20_000209.png,data/real/val/images/e20_000209.png,544,368
e20_000210,e20,000210,train,data/synthetic/val/images/e20_000210.png,data/real/val/images/e20_000210.png,544,368
e20_000211,e20,000211,train,data/synthetic/train/images/e20_000211.png,data/real/train/images/e20_000211.png,544,368
e20_000212,e20,000212,train,data/synthetic/train/images/e20_000212.png,data/real/train/images/e20_000212.png,544,368
e20_000213,e20,000213,train,data/synthetic/train/images/e20_000213.png,data/real/train/images/e20_000213.png,544,368
e20_000214,e20,000214,train,data/synthetic/train/images/e20_000214.png,data/real/train/images/e20_000214.png,544,368
e20_000215,e20,000215,train,data/synthetic/train/images/e20_000215.png,data/real/train/images/e20_000215.png,544,368
e20_000216,e20,000216,train,data/synthetic/train/images/e20_000216.png,data/real/train/images/e20_000216.png,544,368
e20_000217,e20,000217,train,data/synthetic/train/images/e20_000217.png,data/real/train/images/e20_000217.png,544,368
e20_000218,e20,000218,train,data/synthetic/val/images/e20_000218.png,data/real/val/images/e20_000218.png,544,368
e20_000219,e20,000219,train,data/synthetic/val/images/e20_000219.png,data/real/val/images/e20_000219.png,544,368
e20_000220,e20,000220,train,data/synthetic/val/images/e20_000220.png,data/real/val/images/e20_000220.png,544,368
e20_000221,e20,000221,train,data/synthetic/train/images/e20_000221.png,data/real/train/images/e20_000221.png,544,368
e20_000222,e20,000222,train,data/synthetic/train/images/e20_000222.png,data/real/train/images/e20_000222.png,544,368
e20_000223,e20,000223,train,data/synthetic/val/images/e20_000223.png,data/real/val/images/e20_000223.png,544,368
e20_000224,e20,000224,train,data/synthetic/train/images/e20_000224.png,data/real/train/images/e20_000224.png,544,368
e20_000225,e20,000225,train,data/synthetic/train/images/e20_000225.png,data/real/train/images/e20_000225.png,544,368
e20_000226,e20,000226,train,data/synthetic/train/images/e20_000226.png,data/real/train/images/e20_000226.png,544,368
e20_000227,e20,000227,train,data/synthetic/train/images/e20_000227.png,data/real/train/images/e20_000227.png,544,368
e20_000228,e20,000228,train,data/synthetic/train/images/e20_000228.png,data/real/train/images/e20_000228.png,544,368
e20_000229,e20,000229,train,data/synthetic/val/images/e20_000229.png,data/real/val/images/e20_000229.png,544,368
e20_000230,e20,000230,train,data/synthetic/train/images/e20_000230.png,data/real/train/images/e20_000230.png,544,368
e20_000231,e20,000231,train,data/synthetic/val/images/e20_000231.png,data/real/val/images/e20_000231.png,544,368
e20_000232,e20,000232,train,data/synthetic/val/images/e20_000232.png,data/real/val/images/e20_000232.png,544,368
e20_000233,e20,000233,train,data/synthetic/train/images/e20_000233.png,data/real/train/images/e20_000233.png,544,368
e20_000234,e20,000234,train,data/synthetic/train/images/e20_000234.png,data/real/train/images/e20_000234.png,544,368
e20_000235,e20,000235,train,data/synthetic/val/images/e20_000235.png,data/real/val/images/e20_000235.png,544,368
e20_000236,e20,000236,train,data/synthetic/train/images/e20_000236.png,data/real/train/images/e20_000236.png,544,368
e20_000237,e20,000237,train,data/synthetic/train/images/e20_000237.png,data/real/train/images/e20_000237.png,544,368
e20_000238,e20,000238,train,data/synthetic/val/images/e20_000238.png,data/real/val/images/e20_000238.png,544,368
e20_000239,e20,000239,train,data/synthetic/val/images/e20_000239.png,data/real/val/images/e20_000239.png,544,368
e20_000240,e20,000240,train,data/synthetic/val/images/e20_000240.png,data/real/val/images/e20_000240.png,544,368
e20_000241,e20,000241,train,data/synthetic/val/images/e20_000241.png,data/real/val/images/e20_000241.png,544,368
e20_000242,e20,000242,train,data/synthetic/val/images/e20_000242.png,data/real/val/images/e20_000242.png,544,368
e20_000243,e20,000243,train,data/synthetic/train/images/e20_000243.png,data/real/train/images/e20_000243.png,544,368
e20_000244,e20,000244,train,data/synthetic/train/images/e20_000244.png,data/real/train/images/e20_000244.png,544,368
e20_000245,e20,000245,train,data/synthetic/val/images/e20_000245.png,data/real/val/images/e20_000245.png,544,368
e20_000246,e20,000246,train,data/synthetic/val/images/e20_000246.png,data/real/val/images/e20_000246.png,544,368
e20_000247,e20,000247,train,data/synthetic/train/images/e20_000247.png,data/real/train/images/e20_000247.png,544,368
e20_000248,e20,000248,train,data/synthetic/val/images/e20_000248.png,data/real/val/images/e20_000248.png,544,368
e20_000249,e20,000249,train,data/synthetic/train/images/e20_000249.png,data/real/train/images/e20_000249.png,544,368
e20_000250,e20,000250,train,data/synthetic/train/images/e20_000250.png,data/real/train/images/e20_000250.png,544,368
e20_000251,e20,000251,train,data/synthetic/train/images/e20_000251.png,data/real/train/images/e20_000251.png,544,368
e20_000252,e20,000252,train,data/synthetic/train/images/e20_000252.png,data/real/train/images/e20_000252.png,544,368
e20_000253,e20,000253,train,data/synthetic/train/images/e20_000253.png,data/real/train/images/e20_000253.png,544,368
e20_000254,e20,000254,train,data/synthetic/train/images/e20_000254.png,data/real/train/images/e20_000254.png,544,368
e20_000255,e20,000255,train,data/synthetic/train/images/e20_000255.png,data/real/train/images/e20_000255.png,544,368
e20_000256,e20,000256,train,data/synthetic/val/images/e20_000256.png,data/real/val/images/e20_000256.png,544,368
e20_000257,e20,000257,train,data/synthetic/val/images/e20_000257.png,data/real/val/images/e20_000257.png,544,368
e20_000258,e20,000258,train,data/synthetic/train/images/e20_000258.png,data/real/train/images/e20_000258.png,544,368
e20_000259,e20,000259,train,data/synthetic/train/images/e20_000259.png,data/real/train/images/e20_000259.png,544,368
e20_000260,e20,000260,train,data/synthetic/train/images/e20_000260.png,data/real/train/images/e20_000260.png,544,368
e20_000261,e20,000261,train,data/synthetic/val/images/e20_000261.png,data/real/val/images/e20_000261.png,544,368
e20_000262,e20,000262,train,data/synthetic/train/images/e20_000262.png,data/real/train/images/e20_000262.png,544,368
e20_000263,e20,000263,train,data/synthetic/train/images/e20_000263.png,data/real/train/images/e20_000263.png,544,368
e20_000264,e20,000264,train,data/synthetic/val/images/e20_000264.png,data/real/val/images/e20_000264.png,544,368
e20_000265,e20,000265,train,data/synthetic/train/images/e20_000265.png,data/real/train/images/e20_000265.png,544,368
e20_000266,e20,000266,train,data/synthetic/train/images/e20_000266.png,data/real/train/images/e20_000266.png,544,368
e20_000267,e20,000267,train,data/synthetic/train/images/e20_000267.png,data/real/train/images/e20_000267.png,544,368
e20_000268,e20,000268,train,data/synthetic/train/images/e20_000268.png,data/real/train/images/e20_000268.png,544,368
e20_000269,e20,000269,train,data/synthetic/val/images/e20_000269.png,data/real/val/images/e20_000269.png,544,368
e20_000270,e20,000270,train,data/synthetic/train/images/e20_000270.png,data/real/train/images/e20_000270.png,544,368
e20_000271,e20,000271,train,data/synthetic/train/images/e20_000271.png,data/real/train/images/e20_000271.png,544,368
e20_000272,e20,000272,train,data/synthetic/train/images/e20_000272.png,data/real/train/images/e20_000272.png,544,368
e20_000273,e20,000273,train,data/synthetic/val/images/e20_000273.png,data/real/val/images/e20_000273.png,544,368
e20_000274,e20,000274,train,data/synthetic/val/images/e20_000274.png,data/real/val/images/e20_000274.png,544,368
e20_000275,e20,000275,train,data/synthetic/val/images/e20_000275.png,data/real/val/images/e20_000275.png,544,368
e20_000276,e20,000276,train,data/synthetic/train/images/e20_000276.png,data/real/train/images/e20_000276.png,544,368
e20_000277,e20,000277,train,data/synthetic/val/images/e20_000277.png,data/real/val/images/e20_000277.png,544,368
e20_000278,e20,000278,train,data/synthetic/val/images/e20_000278.png,data/real/val/images/e20_000278.png,544,368
e20_000279,e20,000279,train,data/synthetic/val/images/e20_000279.png,data/real/val/images/e20_000279.png,544,368
e20_000280,e20,000280,train,data/synthetic/train/images/e20_000280.png,data/real/train/images/e20_000280.png,544,368
e20_000281,e20,000281,train,data/synthetic/val/images/e20_000281.png,data/real/val/images/e20_000281.png,544,368
e20_000282,e20,000282,train,data/synthetic/val/images/e20_000282.png,data/real/val/images/e20_000282.png,544,368
e20_000283,e20,000283,train,data/synthetic/train/images/e20_000283.png,data/real/train/images/e20_000283.png,544,368
e20_000284,e20,000284,train,data/synthetic/train/images/e20_000284.png,data/real/train/images/e20_000284.png,544,368
e20_000285,e20,000285,train,data/synthetic/train/images/e20_000285.png,data/real/train/images/e20_000285.png,544,368
e20_000286,e20,000286,train,data/synthetic/val/images/e20_000286.png,data/real/val/images/e20_000286.png,544,368
e20_000287,e20,000287,train,data/synthetic/train/images/e20_000287.png,data/real/train/images/e20_000287.png,544,368
e20_000288,e20,000288,train,data/synthetic/train/images/e20_000288.png,data/real/train/images/e20_000288.png,544,368
e20_000289,e20,000289,train,data/synthetic/train/images/e20_000289.png,data/real/train/images/e20_000289.png,544,368
e20_000290,e20,000290,train,data/synthetic/train/images/e20_000290.png,data/real/train/images/e20_000290.png,544,368
e20_000291,e20,000291,train,data/synthetic/train/images/e20_000291.png,data/real/train/images/e20_000291.png,544,368
e20_000292,e20,000292,train,data/synthetic/train/images/e20_000292.png,data/real/train/images/e20_000292.png,544,368
e20_000293,e20,000293,train,data/synthetic/val/images/e20_000293.png,data/real/val/images/e20_000293.png,544,368
e20_000294,e20,000294,train,data/synthetic/train/images/e20_000294.png,data/real/train/images/e20_000294.png,544,368
e20_000295,e20,000295,train,data/synthetic/val/images/e20_000295.png,data/real/val/images/e20_000295.png,544,368
e20_000296,e20,000296,train,data/synthetic/val/images/e20_000296.png,data/real/val/images/e20_000296.png,544,368
e20_000297,e20,000297,train,data/synthetic/val/images/e20_000297.png,data/real/val/images/e20_000297.png,544,368
e20_000298,e20,000298,train,data/synthetic/train/images/e20_000298.png,data/real/train/images/e20_000298.png,544,368
e20_000299,e20,000299,train,data/synthetic/val/images/e20_000299.png,data/real/val/images/e20_000299.png,544,368
e20_000300,e20,000300,train,data/synthetic/train/images/e20_000300.png,data/real/train/images/e20_000300.png,544,368
e20_000301,e20,000301,train,data/synthetic/train/images/e20_000301.png,data/real/train/images/e20_000301.png,544,368
e20_000302,e20,000302,train,data/synthetic/train/images/e20_000302.png,data/real/train/images/e20_000302.png,544,368
e20_000303,e20,000303,train,data/synthetic/train/images/e20_000303.png,data/real/train/images/e20_000303.png,544,368
e20_000304,e20,000304,train,data/synthetic/val/images/e20_000304.png,data/real/val/images/e20_000304.png,544,368
e20_000305,e20,000305,train,data/synthetic/train/images/e20_000305.png,data/real/train/images/e20_000305.png,544,368
e20_000306,e20,000306,train,data/synthetic/train/images/e20_000306.png,data/real/train/images/e20_000306.png,544,368
e20_000307,e20,000307,train,data/synthetic/train/images/e20_000307.png,data/real/train/images/e20_000307.png,544,368
e20_000308,e20,000308,train,data/synthetic/train/images/e20_000308.png,data/real/train/images/e20_000308.png,544,368
e20_000309,e20,000309,train,data/synthetic/train/images/e20_000309.png,data/real/train/images/e20_000309.png,544,368
e20_000310,e20,000310,train,data/synthetic/train/images/e20_000310.png,data/real/train/images/e20_000310.png,544,368
e20_000311,e20,000311,train,data/synthetic/val/images/e20_000311.png,data/real/val/images/e20_000311.png,544,368
e20_000312,e20,000312,train,data/synthetic/val/images/e20_000312.png,data/real/val/images/e20_000312.png,544,368
e20_000313,e20,000313,train,data/synthetic/val/images/e20_000313.png,data/real/val/images/e20_000313.png,544,368
e20_000314,e20,000314,train,data/synthetic/train/images/e20_000314.png,data/real/train/images/e20_000314.png,544,368
e20_000315,e20,000315,train,data/synthetic/train/images/e20_000315.png,data/real/train/images/e20_000315.png,544,368
e20_000316,e20,000316,train,data/synthetic/train/images/e20_000316.png,data/real/train/images/e20_000316.png,544,368
e20_000317,e20,000317,train,data/synthetic/train/images/e20_000317.png,data/real/train/images/e20_000317.png,544,368
e20_000318,e20,000318,train,data/synthetic/train/images/e20_000318.png,data/real/train/images/e20_000318.png,544,368
e20_000319,e20,000319,train,data/synthetic/train/images/e20_000319.png,data/real/train/images/e20_000319.png,544,368
e20_000320,e20,000320,train,data/synthetic/train/images/e20_000320.png,data/real/train/images/e20_000320.png,544,368
e20_000321,e20,000321,train,data/synthetic/val/images/e20_000321.png,data/real/val/images/e20_000321.png,544,368
e20_000322,e20,000322,train,data/synthetic/train/images/e20_000322.png,data/real/train/images/e20_000322.png,544,368
e20_000323,e20,000323,train,data/synthetic/train/images/e20_000323.png,data/real/train/images/e20_000323.png,544,368
e20_000324,e20,000324,train,data/synthetic/val/images/e20_000324.png,data/real/val/images/e20_000324.png,544,368
e20_000325,e20,000325,train,data/synthetic/train/images/e20_000325.png,data/real/train/images/e20_000325.png,544,368
e20_000326,e20,000326,train,data/synthetic/train/images/e20_000326.png,data/real/train/images/e20_000326.png,544,368
e20_000327,e20,000327,train,data/synthetic/train/images/e20_000327.png,data/real/train/images/e20_000327.png,544,368
e20_000328,e20,000328,train,data/synthetic/train/images/e20_000328.png,data/real/train/images/e20_000328.png,544,368
e20_000329,e20,000329,train,data/synthetic/val/images/e20_000329.png,data/real/val/images/e20_000329.png,544,368
e20_000330,e20,000330,train,data/synthetic/train/images/e20_000330.png,data/real/train/images/e20_000330.png,544,368
e20_000331,e20,000331,train,data/synthetic/train/images/e20_000331.png,data/real/train/images/e20_000331.png,544,368
e20_000332,e20,000332,train,data/synthetic/train/images/e20_000332.png,data/real/train/images/e20_000332.png,544,368
e20_000333,e20,000333,train,data/synthetic/train/images/e20_000333.png,data/real/train/images/e20_000333.png,544,368
e20_000334,e20,000334,train,data/synthetic/train/images/e20_000334.png,data/real/train/images/e20_000334.png,544,368
e20_000335,e20,000335,train,data/synthetic/train/images/e20_000335.png,data/real/train/images/e20_000335.png,544,368
e20_000336,e20,000336,train,data/synthetic/train/images/e20_000336.png,data/real/train/images/e20_000336.png,544,368
e20_000337,e20,000337,train,data/synthetic/val/images/e20_000337.png,data/real/val/images/e20_000337.png,544,368
e20_000338,e20,000338,train,data/synthetic/train/images/e20_000338.png,data/real/train/images/e20_000338.png,544,368
e20_000339,e20,000339,train,data/synthetic/train/images/e20_000339.png,data/real/train/images/e20_000339.png,544,368
e20_000340,e20,000340,train,data/synthetic/train/images/e20_000340.png,data/real/train/images/e20_000340.png,544,368
e20_000341,e20,000341,train,data/synthetic/train/images/e20_000341.png,data/real/train/images/e20_000341.png,544,368
e20_000342,e20,000342,train,data/synthetic/val/images/e20_000342.png,data/real/val/images/e20_000342.png,544,368
e20_000343,e20,000343,train,data/synthetic/val/images/e20_000343.png,data/real/val/images/e20_000343.png,544,368
e20_000344,e20,000344,train,data/synthetic/train/images/e20_000344.png,data/real/train/images/e20_000344.png,544,368
e20_000345,e20,000345,train,data/synthetic/val/images/e20_000345.png,data/real/val/images/e20_000345.png,544,368
e20_000346,e20,000346,train,data/synthetic/val/images/e20_000346.png,data/real/val/images/e20_000346.png,544,368
e20_000347,e20,000347,train,data/synthetic/val/images/e20_000347.png,data/real/val/images/e20_000347.png,544,368
e20_000348,e20,000348,train,data/synthetic/val/images/e20_000348.png,data/real/val/images/e20_000348.png,544,368
e20_000349,e20,000349,train,data/synthetic/train/images/e20_000349.png,data/real/train/images/e20_000349.png,544,368
e20_000350,e20,000350,train,data/synthetic/train/images/e20_000350.png,data/real/train/images/e20_000350.png,544,368
e20_000351,e20,000351,train,data/synthetic/train/images/e20_000351.png,data/real/train/images/e20_000351.png,544,368
e20_000352,e20,000352,train,data/synthetic/val/images/e20_000352.png,data/real/val/images/e20_000352.png,544,368
e20_000353,e20,000353,train,data/synthetic/train/images/e20_000353.png,data/real/train/images/e20_000353.png,544,368
e20_000354,e20,000354,train,data/synthetic/train/images/e20_000354.png,data/real/train/images/e20_000354.png,544,368
e20_000355,e20,000355,train,data/synthetic/train/images/e20_000355.png,data/real/train/images/e20_000355.png,544,368
e20_000356,e20,000356,train,data/synthetic/train/images/e20_000356.png,data/real/train/images/e20_000356.png,544,368
e20_000357,e20,000357,train,data/synthetic/train/images/e20_000357.png,data/real/train/images/e20_000357.png,544,368
e20_000358,e20,000358,train,data/synthetic/val/images/e20_000358.png,data/real/val/images/e20_000358.png,544,368
e20_000359,e20,000359,train,data/synthetic/train/images/e20_000359.png,data/real/train/images/e20_000359.png,544,368
e20_000360,e20,000360,train,data/synthetic/train/images/e20_000360.png,data/real/train/images/e20_000360.png,544,368
e20_000361,e20,000361,train,data/synthetic/train/images/e20_000361.png,data/real/train/images/e20_000361.png,544,368
e20_000362,e20,000362,train,data/synthetic/train/images/e20_000362.png,data/real/train/images/e20_000362.png,544,368
e20_000363,e20,000363,train,data/synthetic/train/images/e20_000363.png,data/real/train/images/e20_000363.png,544,368
e20_000364,e20,000364,train,data/synthetic/train/images/e20_000364.png,data/real/train/images/e20_000364.png,544,368
e20_000365,e20,000365,train,data/synthetic/train/images/e20_000365.png,data/real/train/images/e20_000365.png,544,368
e20_000366,e20,000366,train,data/synthetic/train/images/e20_000366.png,data/real/train/images/e20_000366.png,544,368
e20_000367,e20,000367,train,data/synthetic/train/images/e20_000367.png,data/real/train/images/e20_000367.png,544,368
e20_000368,e20,000368,train,data/synthetic/train/images/e20_000368.png,data/real/train/images/e20_000368.png,544,368
e20_000369,e20,000369,train,data/synthetic/train/images/e20_000369.png,data/real/train/images/e20_000369.png,544,368
e20_000370,e20,000370,train,data/synthetic/val/images/e20_000370.png,data/real/val/images/e20_000370.png,544,368
e20_000371,e20,000371,train,data/synthetic/val/images/e20_000371.png,data/real/val/images/e20_000371.png,544,368
e20_000372,e20,000372,train,data/synthetic/train/images/e20_000372.png,data/real/train/images/e20_000372.png,544,368
e20_000373,e20,000373,train,data/synthetic/val/images/e20_000373.png,data/real/val/images/e20_000373.png,544,368
e20_000374,e20,000374,train,data/synthetic/train/images/e20_000374.png,data/real/train/images/e20_000374.png,544,368
e20_000375,e20,000375,train,data/synthetic/train/images/e20_000375.png,data/real/train/images/e20_000375.png,544,368
e20_000376,e20,000376,train,data/synthetic/val/images/e20_000376.png,data/real/val/images/e20_000376.png,544,368
e20_000377,e20,000377,train,data/synthetic/val/images/e20_000377.png,data/real/val/images/e20_000377.png,544,368
e20_000378,e20,000378,train,data/synthetic/train/images/e20_000378.png,data/real/train/images/e20_000378.png,544,368
e20_000379,e20,000379,train,data/synthetic/train/images/e20_000379.png,data/real/train/images/e20_000379.png,544,368
e20_000380,e20,000380,train,data/synthetic/train/images/e20_000380.png,data/real/train/images/e20_000380.png,544,368
e20_000381,e20,000381,train,data/synthetic/train/images/e20_000381.png,data/real/train/images/e20_000381.png,544,368
e20_000382,e20,000382,train,data/synthetic/train/images/e20_000382.png,data/real/train/images/e20_000382.png,544,368
e20_000383,e20,000383,train,data/synthetic/train/images/e20_000383.png,data/real/train/images/e20_000383.png,544,368
e20_000384,e20,000384,train,data/synthetic/train/images/e20_000384.png,data/real/train/images/e20_000384.png,544,368
e20_000385,e20,000385,train,data/synthetic/train/images/e20_000385.png,data/real/train/images/e20_000385.png,544,368
e20_000386,e20,000386,train,data/synthetic/train/images/e20_000386.png,data/real/train/images/e20_000386.png,544,368
e20_000387,e20,000387,train,data/synthetic/train/images/e20_000387.png,data/real/train/images/e20_000387.png,544,368
e20_000388,e20,000388,train,data/synthetic/train/images/e20_000388.png,data/real/train/images/e20_000388.png,544,368
e20_000389,e20,000389,train,data/synthetic/train/images/e20_000389.png,data/real/train/images/e20_000389.png,544,368
e20_000390,e20,000390,train,data/synthetic/train/images/e20_000390.png,data/real/train/images/e20_000390.png,544,368
e20_000391,e20,000391,train,data/synthetic/train/images/e20_000391.png,data/real/train/images/e20_000391.png,544,368
e20_000392,e20,000392,train,data/synthetic/train/images/e20_000392.png,data/real/train/images/e20_000392.png,544,368
e20_000393,e20,000393,train,data/synthetic/train/images/e20_000393.png,data/real/train/images/e20_000393.png,544,368
e20_000394,e20,000394,train,data/synthetic/val/images/e20_000394.png,data/real/val/images/e20_000394.png,544,368
e20_000395,e20,000395,train,data/synthetic/val/images/e20_000395.png,data/real/val/images/e20_000395.png,544,368
e20_000396,e20,000396,train,data/synthetic/train/images/e20_000396.png,data/real/train/images/e20_000396.png,544,368
e20_000397,e20,000397,train,data/synthetic/val/images/e20_000397.png,data/real/val/images/e20_000397.png,544,368
e20_000398,e20,000398,train,data/synthetic/train/images/e20_000398.png,data/real/train/images/e20_000398.png,544,368
e20_000399,e20,000399,train,data/synthetic/val/images/e20_000399.png,data/real/val/images/e20_000399.png,544,368
e20_000400,e20,000400,train,data/synthetic/train/images/e20_000400.png,data/real/train/images/e20_000400.png,544,368
e20_000401,e20,000401,train,data/synthetic/train/images/e20_000401.png,data/real/train/images/e20_000401.png,544,368
e20_000402,e20,000402,train,data/synthetic/train/images/e20_000402.png,data/real/train/images/e20_000402.png,544,368
e20_000403,e20,000403,train,data/synthetic/train/images/e20_000403.png,data/real/train/images/e20_000403.png,544,368
e20_000404,e20,000404,train,data/synthetic/train/images/e20_000404.png,data/real/train/images/e20_000404.png,544,368
e20_000405,e20,000405,train,data/synthetic/train/images/e20_000405.png,data/real/train/images/e20_000405.png,544,368
e20_000406,e20,000406,train,data/synthetic/val/images/e20_000406.png,data/real/val/images/e20_000406.png,544,368
e20_000407,e20,000407,train,data/synthetic/train/images/e20_000407.png,data/real/train/images/e20_000407.png,544,368
e20_000408,e20,000408,train,data/synthetic/train/images/e20_000408.png,data/real/train/images/e20_000408.png,544,368
e20_000409,e20,000409,train,data/synthetic/train/images/e20_000409.png,data/real/train/images/e20_000409.png,544,368
e20_000410,e20,000410,train,data/synthetic/train/images/e20_000410.png,data/real/train/images/e20_000410.png,544,368
e20_000411,e20,000411,train,data/synthetic/train/images/e20_000411.png,data/real/train/images/e20_000411.png,544,368
e20_000412,e20,000412,train,data/synthetic/train/images/e20_000412.png,data/real/train/images/e20_000412.png,544,368
e20_000413,e20,000413,train,data/synthetic/train/images/e20_000413.png,data/real/train/images/e20_000413.png,544,368
e20_000414,e20,000414,train,data/synthetic/train/images/e20_000414.png,data/real/train/images/e20_000414.png,544,368
e20_000415,e20,000415,train,data/synthetic/val/images/e20_000415.png,data/real/val/images/e20_000415.png,544,368
e20_000416,e20,000416,train,data/synthetic/val/images/e20_000416.png,data/real/val/images/e20_000416.png,544,368
e20_000417,e20,000417,train,data/synthetic/val/images/e20_000417.png,data/real/val/images/e20_000417.png,544,368
e20_000418,e20,000418,train,data/synthetic/train/images/e20_000418.png,data/real/train/images/e20_000418.png,544,368
e20_000419,e20,000419,train,data/synthetic/val/images/e20_000419.png,data/real/val/images/e20_000419.png,544,368
e20_000420,e20,000420,train,data/synthetic/val/images/e20_000420.png,data/real/val/images/e20_000420.png,544,368
e20_000421,e20,000421,train,data/synthetic/train/images/e20_000421.png,data/real/train/images/e20_000421.png,544,368
e20_000422,e20,000422,train,data/synthetic/train/images/e20_000422.png,data/real/train/images/e20_000422.png,544,368
e20_000423,e20,000423,train,data/synthetic/train/images/e20_000423.png,data/real/train/images/e20_000423.png,544,368
e20_000424,e20,000424,train,data/synthetic/val/images/e20_000424.png,data/real/val/images/e20_000424.png,544,368
e20_000425,e20,000425,train,data/synthetic/train/images/e20_000425.png,data/real/train/images/e20_000425.png,544,368
e20_000426,e20,000426,train,data/synthetic/train/images/e20_000426.png,data/real/train/images/e20_000426.png,544,368
e20_000427,e20,000427,train,data/synthetic/train/images/e20_000427.png,data/real/train/images/e20_000427.png,544,368
e20_000428,e20,000428,train,data/synthetic/train/images/e20_000428.png,data/real/train/images/e20_000428.png,544,368
e20_000429,e20,000429,train,data/synthetic/train/images/e20_000429.png,data/real/train/images/e20_000429.png,544,368
e20_000430,e20,000430,train,data/synthetic/train/images/e20_000430.png,data/real/train/images/e20_000430.png,544,368
e20_000431,e20,000431,train,data/synthetic/train/images/e20_000431.png,data/real/train/images/e20_000431.png,544,368
e20_000432,e20,000432,train,data/synthetic/val/images/e20_000432.png,data/real/val/images/e20_000432.png,544,368
e20_000433,e20,000433,train,data/synthetic/val/images/e20_000433.png,data/real/val/images/e20_000433.png,544,368
e20_000434,e20,000434,train,data/synthetic/train/images/e20_000434.png,data/real/train/images/e20_000434.png,544,368
e20_000435,e20,000435,train,data/synthetic/train/images/e20_000435.png,data/real/train/images/e20_000435.png,544,368
e20_000436,e20,000436,train,data/synthetic/train/images/e20_000436.png,data/real/train/images/e20_000436.png,544,368
e20_000437,e20,000437,train,data/synthetic/val/images/e20_000437.png,data/real/val/images/e20_000437.png,544,368
e20_000438,e20,000438,train,data/synthetic/train/images/e20_000438.png,data/real/train/images/e20_000438.png,544,368
e20_000439,e20,000439,train,data/synthetic/train/images/e20_000439.png,data/real/train/images/e20_000439.png,544,368
e20_000440,e20,000440,train,data/synthetic/train/images/e20_000440.png,data/real/train/images/e20_000440.png,544,368
e20_000441,e20,000441,train,data/synthetic/train/images/e20_000441.png,data/real/train/images/e20_000441.png,544,368
e20_000442,e20,000442,train,data/synthetic/train/images/e20_000442.png,data/real/train/images/e20_000442.png,544,368
e20_000443,e20,000443,train,data/synthetic/train/images/e20_000443.png,data/real/train/images/e20_000443.png,544,368
e20_000444,e20,000444,train,data/synthetic/val/images/e20_000444.png,data/real/val/images/e20_000444.png,544,368
e20_000445,e20,000445,train,data/synthetic/val/images/e20_000445.png,data/real/val/images/e20_000445.png,544,368
e20_000446,e20,000446,train,data/synthetic/train/images/e20_000446.png,data/real/train/images/e20_000446.png,544,368
e20_000447,e20,000447,train,data/synthetic/train/images/e20_000447.png,data/real/train/images/e20_000447.png,544,368
e20_000448,e20,000448,train,data/synthetic/train/images/e20_000448.png,data/real/train/images/e20_000448.png,544,368
e20_000449,e20,000449,train,data/synthetic/val/images/e20_000449.png,data/real/val/images/e20_000449.png,544,368
e20_000450,e20,000450,train,data/synthetic/train/images/e20_000450.png,data/real/train/images/e20_000450.png,544,368
e20_000451,e20,000451,train,data/synthetic/train/images/e20_000451.png,data/real/train/images/e20_000451.png,544,368
e20_000452,e20,000452,train,data/synthetic/train/images/e20_000452.png,data/real/train/images/e20_000452.png,544,368
e20_000453,e20,000453,train,data/synthetic/train/images/e20_000453.png,data/real/train/images/e20_000453.png,544,368
e20_000454,e20,000454,train,data/synthetic/val/images/e20_000454.png,data/real/val/images/e20_000454.png,544,368
e20_000455,e20,000455,train,data/synthetic/train/images/e20_000455.png,data/real/train/images/e20_000455.png,544,368
e20_000456,e20,000456,train,data/synthetic/train/images/e20_000456.png,data/real/train/images/e20_000456.png,544,368
e20_000457,e20,000457,train,data/synthetic/train/images/e20_000457.png,data/real/train/images/e20_000457.png,544,368
e20_000458,e20,000458,train,data/synthetic/val/images/e20_000458.png,data/real/val/images/e20_000458.png,544,368
e20_000459,e20,000459,train,data/synthetic/val/images/e20_000459.png,data/real/val/images/e20_000459.png,544,368
e20_000460,e20,000460,train,data/synthetic/val/images/e20_000460.png,data/real/val/images/e20_000460.png,544,368
e20_000461,e20,000461,train,data/synthetic/train/images/e20_000461.png,data/real/train/images/e20_000461.png,544,368
e20_000462,e20,000462,train,data/synthetic/train/images/e20_000462.png,data/real/train/images/e20_000462.png,544,368
e20_000463,e20,000463,train,data/synthetic/train/images/e20_000463.png,data/real/train/images/e20_000463.png,544,368
e20_000464,e20,000464,train,data/synthetic/val/images/e20_000464.png,data/real/val/images/e20_000464.png,544,368
e20_000465,e20,000465,train,data/synthetic/val/images/e20_000465.png,data/real/val/images/e20_000465.png,544,368
e20_000466,e20,000466,train,data/synthetic/val/images/e20_000466.png,data/real/val/images/e20_000466.png,544,368
e20_000467,e20,000467,train,data/synthetic/train/images/e20_000467.png,data/real/train/images/e20_000467.png,544,368
e20_000468,e20,000468,train,data/synthetic/train/images/e20_000468.png,data/real/train/images/e20_000468.png,544,368
e20_000469,e20,000469,train,data/synthetic/val/images/e20_000469.png,data/real/val/images/e20_000469.png,544,368
e20_000470,e20,000470,train,data/synthetic/train/images/e20_000470.png,data/real/train/images/e20_000470.png,544,368
e20_000471,e20,000471,train,data/synthetic/train/images/e20_000471.png,data/real/train/images/e20_000471.png,544,368
e20_000472,e20,000472,train,data/synthetic/train/images/e20_000472.png,data/real/train/images/e20_000472.png,544,368
e20_000473,e20,000473,train,data/synthetic/train/images/e20_000473.png,data/real/train/images/e20_000473.png,544,368
e20_000474,e20,000474,train,data/synthetic/val/images/e20_000474.png,data/real/val/images/e20_000474.png,544,368
e20_000475,e20,000475,train,data/synthetic/train/images/e20_000475.png,data/real/train/images/e20_000475.png,544,368
e20_000476,e20,000476,train,data/synthetic/val/images/e20_000476.png,data/real/val/images/e20_000476.png,544,368
e20_000477,e20,000477,train,data/synthetic/train/images/e20_000477.png,data/real/train/images/e20_000477.png,544,368
e20_000478,e20,000478,train,data/synthetic/train/images/e20_000478.png,data/real/train/images/e20_000478.png,544,368
e20_000479,e20,000479,train,data/synthetic/train/images/e20_000479.png,data/real/train/images/e20_000479.png,544,368
e20_000480,e20,000480,train,data/synthetic/train/images/e20_000480.png,data/real/train/images/e20_000480.png,544,368
e20_000481,e20,000481,train,data/synthetic/train/images/e20_000481.png,data/real/train/images/e20_000481.png,544,368
e20_000482,e20,000482,train,data/synthetic/train/images/e20_000482.png,data/real/train/images/e20_000482.png,544,368
e20_000483,e20,000483,train,data/synthetic/val/images/e20_000483.png,data/real/val/images/e20_000483.png,544,368
e20_000484,e20,000484,train,data/synthetic/train/images/e20_000484.png,data/real/train/images/e20_000484.png,544,368
e20_000485,e20,000485,train,data/synthetic/train/images/e20_000485.png,data/real/train/images/e20_000485.png,544,368
e20_000486,e20,000486,train,data/synthetic/train/images/e20_000486.png,data/real/train/images/e20_000486.png,544,368
e20_000487,e20,000487,train,data/synthetic/train/images/e20_000487.png,data/real/train/images/e20_000487.png,544,368
e20_000488,e20,000488,train,data/synthetic/train/images/e20_000488.png,data/real/train/images/e20_000488.png,544,368
e20_000489,e20,000489,train,data/synthetic/train/images/e20_000489.png,data/real/train/images/e20_000489.png,544,368
e20_000490,e20,000490,train,data/synthetic/train/images/e20_000490.png,data/real/train/images/e20_000490.png,544,368
e20_000491,e20,000491,train,data/synthetic/val/images/e20_000491.png,data/real/val/images/e20_000491.png,544,368
e20_000492,e20,000492,train,data/synthetic/train/images/e20_000492.png,data/real/train/images/e20_000492.png,544,368
e20_000493,e20,000493,train,data/synthetic/val/images/e20_000493.png,data/real/val/images/e20_000493.png,544,368
e20_000494,e20,000494,train,data/synthetic/train/images/e20_000494.png,data/real/train/images/e20_000494.png,544,368
e20_000495,e20,000495,train,data/synthetic/val/images/e20_000495.png,data/real/val/images/e20_000495.png,544,368
e20_000496,e20,000496,train,data/synthetic/val/images/e20_000496.png,data/real/val/images/e20_000496.png,544,368
e20_000497,e20,000497,train,data/synthetic/train/images/e20_000497.png,data/real/train/images/e20_000497.png,544,368
e20_000498,e20,000498,train,data/synthetic/train/images/e20_000498.png,data/real/train/images/e20_000498.png,544,368
e20_000499,e20,000499,train,data/synthetic/train/images/e20_000499.png,data/real/train/images/e20_000499.png,544,368
e20_000500,e20,000500,train,data/synthetic/train/images/e20_000500.png,data/real/train/images/e20_000500.png,544,368
e20_000501,e20,000501,train,data/synthetic/train/images/e20_000501.png,data/real/train/images/e20_000501.png,544,368
e20_000502,e20,000502,train,data/synthetic/train/images/e20_000502.png,data/real/train/images/e20_000502.png,544,368
e20_000503,e20,000503,train,data/synthetic/train/images/e20_000503.png,data/real/train/images/e20_000503.png,544,368
e20_000504,e20,000504,train,data/synthetic/train/images/e20_000504.png,data/real/train/images/e20_000504.png,544,368
e20_000505,e20,000505,train,data/synthetic/train/images/e20_000505.png,data/real/train/images/e20_000505.png,544,368
e20_000506,e20,000506,train,data/synthetic/val/images/e20_000506.png,data/real/val/images/e20_000506.png,544,368
e20_000507,e20,000507,train,data/synthetic/train/images/e20_000507.png,data/real/train/images/e20_000507.png,544,368
e20_000508,e20,000508,train,data/synthetic/val/images/e20_000508.png,data/real/val/images/e20_000508.png,544,368
e20_000509,e20,000509,train,data/synthetic/train/images/e20_000509.png,data/real/train/images/e20_000509.png,544,368
e20_000510,e20,000510,train,data/synthetic/train/images/e20_000510.png,data/real/train/images/e20_000510.png,544,368
e20_000511,e20,000511,train,data/synthetic/train/images/e20_000511.png,data/real/train/images/e20_000511.png,544,368
e20_000512,e20,000512,train,data/synthetic/val/images/e20_000512.png,data/real/val/images/e20_000512.png,544,368
e20_000513,e20,000513,train,data/synthetic/train/images/e20_000513.png,data/real/train/images/e20_000513.png,544,368
e20_000514,e20,000514,train,data/synthetic/val/images/e20_000514.png,data/real/val/images/e20_000514.png,544,368
e20_000515,e20,000515,train,data/synthetic/val/images/e20_000515.png,data/real/val/images/e20_000515.png,544,368
e20_000516,e20,000516,train,data/synthetic/val/images/e20_000516.png,data/real/val/images/e20_000516.png,544,368
e20_000517,e20,000517,train,data/synthetic/train/images/e20_000517.png,data/real/train/images/e20_000517.png,544,368
e20_000518,e20,000518,train,data/synthetic/train/images/e20_000518.png,data/real/train/images/e20_000518.png,544,368
e20_000519,e20,000519,train,data/synthetic/train/images/e20_000519.png,data/real/train/images/e20_000519.png,544,368
e20_000520,e20,000520,train,data/synthetic/train/images/e20_000520.png,data/real/train/images/e20_000520.png,544,368
e20_000521,e20,000521,train,data/synthetic/val/images/e20_000521.png,data/real/val/images/e20_000521.png,544,368
e20_000522,e20,000522,train,data/synthetic/val/images/e20_000522.png,data/real/val/images/e20_000522.png,544,368
e20_000523,e20,000523,train,data/synthetic/train/images/e20_000523.png,data/real/train/images/e20_000523.png,544,368
e20_000524,e20,000524,train,data/synthetic/val/images/e20_000524.png,data/real/val/images/e20_000524.png,544,368
e20_000525,e20,000525,train,data/synthetic/train/images/e20_000525.png,data/real/train/images/e20_000525.png,544,368
e20_000526,e20,000526,train,data/synthetic/train/images/e20_000526.png,data/real/train/images/e20_000526.png,544,368
e20_000527,e20,000527,train,data/synthetic/train/images/e20_000527.png,data/real/train/images/e20_000527.png,544,368
e20_000528,e20,000528,train,data/synthetic/train/images/e20_000528.png,data/real/train/images/e20_000528.png,544,368
e20_000529,e20,000529,train,data/synthetic/train/images/e20_000529.png,data/real/train/images/e20_000529.png,544,368
e20_000530,e20,000530,train,data/synthetic/val/images/e20_000530.png,data/real/val/images/e20_000530.png,544,368
e20_000531,e20,000531,train,data/synthetic/train/images/e20_000531.png,data/real/train/images/e20_000531.png,544,368
e20_000532,e20,000532,train,data/synthetic/val/images/e20_000532.png,data/real/val/images/e20_000532.png,544,368
e20_000533,e20,000533,train,data/synthetic/val/images/e20_000533.png,data/real/val/images/e20_000533.png,544,368
e20_000534,e20,000534,train,data/synthetic/train/images/e20_000534.png,data/real/train/images/e20_000534.png,544,368
e20_000535,e20,000535,train,data/synthetic/train/images/e20_000535.png,data/real/train/images/e20_000535.png,544,368
e20_000536,e20,000536,train,data/synthetic/train/images/e20_000536.png,data/real/train/images/e20_000536.png,544,368
e20_000537,e20,000537,train,data/synthetic/train/images/e20_000537.png,data/real/train/images/e20_000537.png,544,368
e20_000538,e20,000538,train,data/synthetic/train/images/e20_000538.png,data/real/train/images/e20_000538.png,544,368
e20_000539,e20,000539,train,data/synthetic/train/images/e20_000539.png,data/real/train/images/e20_000539.png,544,368
e20_000540,e20,000540,train,data/synthetic/train/images/e20_000540.png,data/real/train/images/e20_000540.png,544,368
e20_000541,e20,000541,train,data/synthetic/train/images/e20_000541.png,data/real/train/images/e20_000541.png,544,368
e20_000542,e20,000542,train,data/synthetic/val/images/e20_000542.png,data/real/val/images/e20_000542.png,544,368
e20_000543,e20,000543,train,data/synthetic/train/images/e20_000543.png,data/real/train/images/e20_000543.png,544,368
e20_000544,e20,000544,train,data/synthetic/train/images/e20_000544.png,data/real/train/images/e20_000544.png,544,368
e20_000545,e20,000545,train,data/synthetic/train/images/e20_000545.png,data/real/train/images/e20_000545.png,544,368
e20_000546,e20,000546,train,data/synthetic/val/images/e20_000546.png,data/real/val/images/e20_000546.png,544,368
e20_000547,e20,000547,train,data/synthetic/train/images/e20_000547.png,data/real/train/images/e20_000547.png,544,368
e20_000548,e20,000548,train,data/synthetic/val/images/e20_000548.png,data/real/val/images/e20_000548.png,544,368
e20_000549,e20,000549,train,data/synthetic/val/images/e20_000549.png,data/real/val/images/e20_000549.png,544,368
e20_000550,e20,000550,train,data/synthetic/train/images/e20_000550.png,data/real/train/images/e20_000550.png,544,368
e20_000551,e20,000551,train,data/synthetic/train/images/e20_000551.png,data/real/train/images/e20_000551.png,544,368
e20_000552,e20,000552,train,data/synthetic/val/images/e20_000552.png,data/real/val/images/e20_000552.png,544,368
e20_000553,e20,000553,train,data/synthetic/train/images/e20_000553.png,data/real/train/images/e20_000553.png,544,368
e20_000554,e20,000554,train,data/synthetic/train/images/e20_000554.png,data/real/train/images/e20_000554.png,544,368
e20_000555,e20,000555,train,data/synthetic/train/images/e20_000555.png,data/real/train/images/e20_000555.png,544,368
e20_000556,e20,000556,train,data/synthetic/val/images/e20_000556.png,data/real/val/images/e20_000556.png,544,368
e20_000557,e20,000557,train,data/synthetic/train/images/e20_000557.png,data/real/train/images/e20_000557.png,544,368
e20_000558,e20,000558,train,data/synthetic/val/images/e20_000558.png,data/real/val/images/e20_000558.png,544,368
e20_000559,e20,000559,train,data/synthetic/train/images/e20_000559.png,data/real/train/images/e20_000559.png,544,368
e20_000560,e20,000560,train,data/synthetic/train/images/e20_000560.png,data/real/train/images/e20_000560.png,544,368
e20_000561,e20,000561,train,data/synthetic/train/images/e20_000561.png,data/real/train/images/e20_000561.png,544,368
e20_000562,e20,000562,train,data/synthetic/train/images/e20_000562.png,data/real/train/images/e20_000562.png,544,368
e20_000563,e20,000563,train,data/synthetic/train/images/e20_000563.png,data/real/train/images/e20_000563.png,544,368
e20_000564,e20,000564,train,data/synthetic/train/images/e20_000564.png,data/real/train/images/e20_000564.png,544,368
e20_000565,e20,000565,train,data/synthetic/train/images/e20_000565.png,data/real/train/images/e20_000565.png,544,368
e20_000566,e20,000566,train,data/synthetic/val/images/e20_000566.png,data/real/val/images/e20_000566.png,544,368
e20_000567,e20,000567,train,data/synthetic/train/images/e20_000567.png,data/real/train/images/e20_000567.png,544,368
e20_000568,e20,000568,train,data/synthetic/val/images/e20_000568.png,data/real/val/images/e20_000568.png,544,368
e20_000569,e20,000569,train,data/synthetic/train/images/e20_000569.png,data/real/train/images/e20_000569.png,544,368
e20_000570,e20,000570,train,data/synthetic/train/images/e20_000570.png,data/real/train/images/e20_000570.png,544,368
e20_000571,e20,000571,train,data/synthetic/val/images/e20_000571.png,data/real/val/images/e20_000571.png,544,368
e20_000572,e20,000572,train,data/synthetic/train/images/e20_000572.png,data/real/train/images/e20_000572.png,544,368
e20_000573,e20,000573,train,data/synthetic/train/images/e20_000573.png,data/real/train/images/e20_000573.png,544,368
e20_000574,e20,000574,train,data/synthetic/train/images/e20_000574.png,data/real/train/images/e20_000574.png,544,368
e20_000575,e20,000575,train,data/synthetic/train/images/e20_000575.png,data/real/train/images/e20_000575.png,544,368
e20_000576,e20,000576,train,data/synthetic/val/images/e20_000576.png,data/real/val/images/e20_000576.png,544,368
e20_000577,e20,000577,train,data/synthetic/train/images/e20_000577.png,data/real/train/images/e20_000577.png,544,368
e20_000578,e20,000578,train,data/synthetic/train/images/e20_000578.png,data/real/train/images/e20_000578.png,544,368
e20_000579,e20,000579,train,data/synthetic/train/images/e20_000579.png,data/real/train/images/e20_000579.png,544,368
e20_000580,e20,000580,train,data/synthetic/val/images/e20_000580.png,data/real/val/images/e20_000580.png,544,368
e20_000581,e20,000581,train,data/synthetic/train/images/e20_000581.png,data/real/train/images/e20_000581.png,544,368
e20_000582,e20,000582,train,data/synthetic/train/images/e20_000582.png,data/real/train/images/e20_000582.png,544,368
e20_000583,e20,000583,train,data/synthetic/train/images/e20_000583.png,data/real/train/images/e20_000583.png,544,368
e20_000584,e20,000584,train,data/synthetic/train/images/e20_000584.png,data/real/train/images/e20_000584.png,544,368
e20_000585,e20,000585,train,data/synthetic/train/images/e20_000585.png,data/real/train/images/e20_000585.png,544,368
e20_000586,e20,000586,train,data/synthetic/train/images/e20_000586.png,data/real/train/images/e20_000586.png,544,368
e20_000587,e20,000587,train,data/synthetic/val/images/e20_000587.png,data/real/val/images/e20_000587.png,544,368
e20_000588,e20,000588,train,data/synthetic/train/images/e20_000588.png,data/real/train/images/e20_000588.png,544,368
e20_000589,e20,000589,train,data/synthetic/train/images/e20_000589.png,data/real/train/images/e20_000589.png,544,368
e20_000590,e20,000590,train,data/synthetic/train/images/e20_000590.png,data/real/train/images/e20_000590.png,544,368
e20_000591,e20,000591,train,data/synthetic/train/images/e20_000591.png,data/real/train/images/e20_000591.png,544,368
e20_000592,e20,000592,train,data/synthetic/train/images/e20_000592.png,data/real/train/images/e20_000592.png,544,368
e20_000593,e20,000593,train,data/synthetic/train/images/e20_000593.png,data/real/train/images/e20_000593.png,544,368
e20_000594,e20,000594,train,data/synthetic/train/images/e20_000594.png,data/real/train/images/e20_000594.png,544,368
e20_000595,e20,000595,train,data/synthetic/val/images/e20_000595.png,data/real/val/images/e20_000595.png,544,368
e20_000596,e20,000596,train,data/synthetic/train/images/e20_000596.png,data/real/train/images/e20_000596.png,544,368
e20_000597,e20,000597,train,data/synthetic/train/images/e20_000597.png,data/real/train/images/e20_000597.png,544,368
e20_000598,e20,000598,train,data/synthetic/val/images/e20_000598.png,data/real/val/images/e20_000598.png,544,368
e20_000599,e20,000599,train,data/synthetic/train/images/e20_000599.png,data/real/train/images/e20_000599.png,544,368
e20_000600,e20,000600,train,data/synthetic/val/images/e20_000600.png,data/real/val/images/e20_000600.png,544,368
e20_000601,e20,000601,train,data/synthetic/train/images/e20_000601.png,data/real/train/images/e20_000601.png,544,368
e20_000602,e20,000602,train,data/synthetic/train/images/e20_000602.png,data/real/train/images/e20_000602.png,544,368
e20_000603,e20,000603,train,data/synthetic/val/images/e20_000603.png,data/real/val/images/e20_000603.png,544,368
e20_000604,e20,000604,train,data/synthetic/train/images/e20_000604.png,data/real/train/images/e20_000604.png,544,368
e20_000605,e20,000605,train,data/synthetic/train/images/e20_000605.png,data/real/train/images/e20_000605.png,544,368
e20_000606,e20,000606,train,data/synthetic/train/images/e20_000606.png,data/real/train/images/e20_000606.png,544,368
e20_000607,e20,000607,train,data/synthetic/train/images/e20_000607.png,data/real/train/images/e20_000607.png,544,368
e20_000608,e20,000608,train,data/synthetic/train/images/e20_000608.png,data/real/train/images/e20_000608.png,544,368
e20_000609,e20,000609,train,data/synthetic/val/images/e20_000609.png,data/real/val/images/e20_000609.png,544,368
e20_000610,e20,000610,train,data/synthetic/val/images/e20_000610.png,data/real/val/images/e20_000610.png,544,368
e20_000611,e20,000611,train,data/synthetic/val/images/e20_000611.png,data/real/val/images/e20_000611.png,544,368
e20_000612,e20,000612,train,data/synthetic/val/images/e20_000612.png,data/real/val/images/e20_000612.png,544,368
e20_000613,e20,000613,train,data/synthetic/train/images/e20_000613.png,data/real/train/images/e20_000613.png,544,368
e20_000614,e20,000614,train,data/synthetic/train/images/e20_000614.png,data/real/train/images/e20_000614.png,544,368
e20_000615,e20,000615,train,data/synthetic/val/images/e20_000615.png,data/real/val/images/e20_000615.png,544,368
e20_000616,e20,000616,train,data/synthetic/train/images/e20_000616.png,data/real/train/images/e20_000616.png,544,368
e20_000617,e20,000617,train,data/synthetic/train/images/e20_000617.png,data/real/train/images/e20_000617.png,544,368
e20_000618,e20,000618,train,data/synthetic/train/images/e20_000618.png,data/real/train/images/e20_000618.png,544,368
e20_000619,e20,000619,train,data/synthetic/train/images/e20_000619.png,data/real/train/images/e20_000619.png,544,368
e20_000620,e20,000620,train,data/synthetic/train/images/e20_000620.png,data/real/train/images/e20_000620.png,544,368
e20_000621,e20,000621,train,data/synthetic/train/images/e20_000621.png,data/real/train/images/e20_000621.png,544,368
e20_000622,e20,000622,train,data/synthetic/train/images/e20_000622.png,data/real/train/images/e20_000622.png,544,368
e20_000623,e20,000623,train,data/synthetic/train/images/e20_000623.png,data/real/train/images/e20_000623.png,544,368
e20_000624,e20,000624,train,data/synthetic/train/images/e20_000624.png,data/real/train/images/e20_000624.png,544,368
e20_000625,e20,000625,train,data/synthetic/train/images/e20_000625.png,data/real/train/images/e20_000625.png,544,368
e20_000626,e20,000626,train,data/synthetic/val/images/e20_000626.png,data/real/val/images/e20_000626.png,544,368
e20_000627,e20,000627,train,data/synthetic/val/images/e20_000627.png,data/real/val/images/e20_000627.png,544,368
e20_000628,e20,000628,train,data/synthetic/train/images/e20_000628.png,data/real/train/images/e20_000628.png,544,368
e20_000629,e20,000629,train,data/synthetic/train/images/e20_000629.png,data/real/train/images/e20_000629.png,544,368
e20_000630,e20,000630,train,data/synthetic/train/images/e20_000630.png,data/real/train/images/e20_000630.png,544,368
e20_000631,e20,000631,train,data/synthetic/val/images/e20_000631.png,data/real/val/images/e20_000631.png,544,368
e20_000632,e20,000632,train,data/synthetic/val/images/e20_000632.png,data/real/val/images/e20_000632.png,544,368
e20_000633,e20,000633,train,data/synthetic/train/images/e20_000633.png,data/real/train/images/e20_000633.png,544,368
e20_000634,e20,000634,train,data/synthetic/train/images/e20_000634.png,data/real/train/images/e20_000634.png,544,368
e20_000635,e20,000635,train,data/synthetic/train/images/e20_000635.png,data/real/train/images/e20_000635.png,544,368
e20_000636,e20,000636,train,data/synthetic/train/images/e20_000636.png,data/real/train/images/e20_000636.png,544,368
e20_000637,e20,000637,train,data/synthetic/train/images/e20_000637.png,data/real/train/images/e20_000637.png,544,368
e20_000638,e20,000638,train,data/synthetic/train/images/e20_000638.png,data/real/train/images/e20_000638.png,544,368
e20_000639,e20,000639,train,data/synthetic/val/images/e20_000639.png,data/real/val/images/e20_000639.png,544,368
e20_000640,e20,000640,train,data/synthetic/val/images/e20_000640.png,data/real/val/images/e20_000640.png,544,368
e20_000641,e20,000641,train,data/synthetic/train/images/e20_000641.png,data/real/train/images/e20_000641.png,544,368
e20_000642,e20,000642,train,data/synthetic/val/images/e20_000642.png,data/real/val/images/e20_000642.png,544,368
e20_000643,e20,000643,train,data/synthetic/val/images/e20_000643.png,data/real/val/images/e20_000643.png,544,368
e20_000644,e20,000644,train,data/synthetic/train/images/e20_000644.png,data/real/train/images/e20_000644.png,544,368
e20_000645,e20,000645,train,data/synthetic/train/images/e20_000645.png,data/real/train/images/e20_000645.png,544,368
e20_000646,e20,000646,train,data/synthetic/val/images/e20_000646.png,data/real/val/images/e20_000646.png,544,368
e20_000647,e20,000647,train,data/synthetic/train/images/e20_000647.png,data/real/train/images/e20_000647.png,544,368
e20_000648,e20,000648,train,data/synthetic/val/images/e20_000648.png,data/real/val/images/e20_000648.png,544,368
e20_000649,e20,000649,train,data/synthetic/val/images/e20_000649.png,data/real/val/images/e20_000649.png,544,368
e20_000650,e20,000650,train,data/synthetic/val/images/e20_000650.png,data/real/val/images/e20_000650.png,544,368
e20_000651,e20,000651,train,data/synthetic/train/images/e20_000651.png,data/real/train/images/e20_000651.png,544,368
e20_000652,e20,000652,train,data/synthetic/val/images/e20_000652.png,data/real/val/images/e20_000652.png,544,368
e20_000653,e20,000653,train,data/synthetic/train/images/e20_000653.png,data/real/train/images/e20_000653.png,544,368
e20_000654,e20,000654,train,data/synthetic/train/images/e20_000654.png,data/real/train/images/e20_000654.png,544,368
e20_000655,e20,000655,train,data/synthetic/train/images/e20_000655.png,data/real/train/images/e20_000655.png,544,368
e20_000656,e20,000656,train,data/synthetic/val/images/e20_000656.png,data/real/val/images/e20_000656.png,544,368
e20_000657,e20,000657,train,data/synthetic/train/images/e20_000657.png,data/real/train/images/e20_000657.png,544,368
e20_000658,e20,000658,train,data/synthetic/val/images/e20_000658.png,data/real/val/images/e20_000658.png,544,368
e20_000659,e20,000659,train,data/synthetic/train/images/e20_000659.png,data/real/train/images/e20_000659.png,544,368
e20_000660,e20,000660,train,data/synthetic/train/images/e20_000660.png,data/real/train/images/e20_000660.png,544,368
e20_000661,e20,000661,train,data/synthetic/val/images/e20_000661.png,data/real/val/images/e20_000661.png,544,368
e20_000662,e20,000662,train,data/synthetic/train/images/e20_000662.png,data/real/train/images/e20_000662.png,544,368
e20_000663,e20,000663,train,data/synthetic/train/images/e20_000663.png,data/real/train/images/e20_000663.png,544,368
e20_000664,e20,000664,train,data/synthetic/train/images/e20_000664.png,data/real/train/images/e20_000664.png,544,368
e20_000665,e20,000665,train,data/synthetic/train/images/e20_000665.png,data/real/train/images/e20_000665.png,544,368
e20_000666,e20,000666,train,data/synthetic/val/images/e20_000666.png,data/real/val/images/e20_000666.png,544,368
e20_000667,e20,000667,train,data/synthetic/val/images/e20_000667.png,data/real/val/images/e20_000667.png,544,368
e20_000668,e20,000668,train,data/synthetic/train/images/e20_000668.png,data/real/train/images/e20_000668.png,544,368
e20_000669,e20,000669,train,data/synthetic/train/images/e20_000669.png,data/real/train/images/e20_000669.png,544,368
e20_000670,e20,000670,train,data/synthetic/train/images/e20_000670.png,data/real/train/images/e20_000670.png,544,368
e20_000671,e20,000671,train,data/synthetic/train/images/e20_000671.png,data/real/train/images/e20_000671.png,544,368
e20_000672,e20,000672,train,data/synthetic/train/images/e20_000672.png,data/real/train/images/e20_000672.png,544,368
e20_000673,e20,000673,train,data/synthetic/train/images/e20_000673.png,data/real/train/images/e20_000673.png,544,368
e20_000674,e20,000674,train,data/synthetic/val/images/e20_000674.png,data/real/val/images/e20_000674.png,544,368
e20_000675,e20,000675,train,data/synthetic/val/images/e20_000675.png,data/real/val/images/e20_000675.png,544,368
e20_000676,e20,000676,train,data/synthetic/val/images/e20_000676.png,data/real/val/images/e20_000676.png,544,368
e20_000677,e20,000677,train,data/synthetic/train/images/e20_000677.png,data/real/train/images/e20_000677.png,544,368
e20_000678,e20,000678,train,data/synthetic/val/images/e20_000678.png,data/real/val/images/e20_000678.png,544,368
e20_000679,e20,000679,train,data/synthetic/train/images/e20_000679.png,data/real/train/images/e20_000679.png,544,368
e20_000680,e20,000680,train,data/synthetic/train/images/e20_000680.png,data/real/train/images/e20_000680.png,544,368
e20_000681,e20,000681,train,data/synthetic/val/images/e20_000681.png,data/real/val/images/e20_000681.png,544,368
e20_000682,e20,000682,train,data/synthetic/val/images/e20_000682.png,data/real/val/images/e20_000682.png,544,368
e20_000683,e20,000683,train,data/synthetic/train/images/e20_000683.png,data/real/train/images/e20_000683.png,544,368
e20_000684,e20,000684,train,data/synthetic/train/images/e20_000684.png,data/real/train/images/e20_000684.png,544,368
e20_000685,e20,000685,train,data/synthetic/val/images/e20_000685.png,data/real/val/images/e20_000685.png,544,368
e20_000686,e20,000686,train,data/synthetic/val/images/e20_000686.png,data/real/val/images/e20_000686.png,544,368
e20_000687,e20,000687,train,data/synthetic/train/images/e20_000687.png,data/real/train/images/e20_000687.png,544,368
e20_000688,e20,000688,train,data/synthetic/train/images/e20_000688.png,data/real/train/images/e20_000688.png,544,368
e20_000689,e20,000689,train,data/synthetic/train/images/e20_000689.png,data/real/train/images/e20_000689.png,544,368
e20_000690,e20,000690,train,data/synthetic/train/images/e20_000690.png,data/real/train/images/e20_000690.png,544,368
e20_000691,e20,000691,train,data/synthetic/train/images/e20_000691.png,data/real/train/images/e20_000691.png,544,368
e20_000692,e20,000692,train,data/synthetic/val/images/e20_000692.png,data/real/val/images/e20_000692.png,544,368
e20_000693,e20,000693,train,data/synthetic/train/images/e20_000693.png,data/real/train/images/e20_000693.png,544,368
e20_000694,e20,000694,train,data/synthetic/train/images/e20_000694.png,data/real/train/images/e20_000694.png,544,368
e20_000695,e20,000695,train,data/synthetic/val/images/e20_000695.png,data/real/val/images/e20_000695.png,544,368
e20_000696,e20,000696,train,data/synthetic/train/images/e20_000696.png,data/real/train/images/e20_000696.png,544,368
e20_000697,e20,000697,train,data/synthetic/train/images/e20_000697.png,data/real/train/images/e20_000697.png,544,368
e20_000698,e20,000698,train,data/synthetic/val/images/e20_000698.png,data/real/val/images/e20_000698.png,544,368
e20_000699,e20,000699,train,data/synthetic/train/images/e20_000699.png,data/real/train/images/e20_000699.png,544,368
e20_000700,e20,000700,train,data/synthetic/val/images/e20_000700.png,data/real/val/images/e20_000700.png,544,368
e20_000701,e20,000701,train,data/synthetic/val/images/e20_000701.png,data/real/val/images/e20_000701.png,544,368
e20_000702,e20,000702,train,data/synthetic/val/images/e20_000702.png,data/real/val/images/e20_000702.png,544,368
e20_000703,e20,000703,train,data/synthetic/val/images/e20_000703.png,data/real/val/images/e20_000703.png,544,368
e20_000704,e20,000704,train,data/synthetic/train/images/e20_000704.png,data/real/train/images/e20_000704.png,544,368
e20_000705,e20,000705,train,data/synthetic/train/images/e20_000705.png,data/real/train/images/e20_000705.png,544,368
e20_000706,e20,000706,train,data/synthetic/train/images/e20_000706.png,data/real/train/images/e20_000706.png,544,368
e20_000707,e20,000707,train,data/synthetic/train/images/e20_000707.png,data/real/train/images/e20_000707.png,544,368
e20_000708,e20,000708,train,data/synthetic/train/images/e20_000708.png,data/real/train/images/e20_000708.png,544,368
e20_000709,e20,000709,train,data/synthetic/val/images/e20_000709.png,data/real/val/images/e20_000709.png,544,368
e20_000710,e20,000710,train,data/synthetic/val/images/e20_000710.png,data/real/val/images/e20_000710.png,544,368
e20_000711,e20,000711,train,data/synthetic/val/images/e20_000711.png,data/real/val/images/e20_000711.png,544,368
e20_000712,e20,000712,train,data/synthetic/val/images/e20_000712.png,data/real/val/images/e20_000712.png,544,368
e20_000713,e20,000713,train,data/synthetic/train/images/e20_000713.png,data/real/train/images/e20_000713.png,544,368
e20_000714,e20,000714,train,data/synthetic/train/images/e20_000714.png,data/real/train/images/e20_000714.png,544,368
e20_000715,e20,000715,train,data/synthetic/train/images/e20_000715.png,data/real/train/images/e20_000715.png,544,368
e20_000716,e20,000716,train,data/synthetic/train/images/e20_000716.png,data/real/train/images/e20_000716.png,544,368
e20_000717,e20,000717,train,data/synthetic/val/images/e20_000717.png,data/real/val/images/e20_000717.png,544,368
e20_000718,e20,000718,train,data/synthetic/train/images/e20_000718.png,data/real/train/images/e20_000718.png,544,368
e20_000719,e20,000719,train,data/synthetic/val/images/e20_000719.png,data/real/val/images/e20_000719.png,544,368
e20_000720,e20,000720,train,data/synthetic/train/images/e20_000720.png,data/real/train/images/e20_000720.png,544,368
e20_000721,e20,000721,train,data/synthetic/train/images/e20_000721.png,data/real/train/images/e20_000721.png,544,368
e20_000722,e20,000722,train,data/synthetic/train/images/e20_000722.png,data/real/train/images/e20_000722.png,544,368
e20_000723,e20,000723,train,data/synthetic/val/images/e20_000723.png,data/real/val/images/e20_000723.png,544,368
e20_000724,e20,000724,train,data/synthetic/train/images/e20_000724.png,data/real/train/images/e20_000724.png,544,368
e20_000725,e20,000725,train,data/synthetic/train/images/e20_000725.png,data/real/train/images/e20_000725.png,544,368
e20_000726,e20,000726,train,data/synthetic/val/images/e20_000726.png,data/real/val/images/e20_000726.png,544,368
e20_000727,e20,000727,train,data/synthetic/train/images/e20_000727.png,data/real/train/images/e20_000727.png,544,368
e20_000728,e20,000728,train,data/synthetic/train/images/e20_000728.png,data/real/train/images/e20_000728.png,544,368
e20_000729,e20,000729,train,data/synthetic/train/images/e20_000729.png,data/real/train/images/e20_000729.png,544,368
e20_000730,e20,000730,train,data/synthetic/val/images/e20_000730.png,data/real/val/images/e20_000730.png,544,368
e20_000731,e20,000731,train,data/synthetic/val/images/e20_000731.png,data/real/val/images/e20_000731.png,544,368
e20_000732,e20,000732,train,data/synthetic/train/images/e20_000732.png,data/real/train/images/e20_000732.png,544,368
e20_000733,e20,000733,train,data/synthetic/train/images/e20_000733.png,data/real/train/images/e20_000733.png,544,368
e20_000734,e20,000734,train,data/synthetic/train/images/e20_000734.png,data/real/train/images/e20_000734.png,544,368
e20_000735,e20,000735,train,data/synthetic/train/images/e20_000735.png,data/real/train/images/e20_000735.png,544,368
e20_000736,e20,000736,train,data/synthetic/train/images/e20_000736.png,data/real/train/images/e20_000736.png,544,368
e20_000737,e20,000737,train,data/synthetic/train/images/e20_000737.png,data/real/train/images/e20_000737.png,544,368
e20_000738,e20,000738,train,data/synthetic/train/images/e20_000738.png,data/real/train/images/e20_000738.png,544,368
e20_000739,e20,000739,train,data/synthetic/val/images/e20_000739.png,data/real/val/images/e20_000739.png,544,368
e20_000740,e20,000740,train,data/synthetic/val/images/e20_000740.png,data/real/val/images/e20_000740.png,544,368
e20_000741,e20,000741,train,data/synthetic/train/images/e20_000741.png,data/real/train/images/e20_000741.png,544,368
e20_000742,e20,000742,train,data/synthetic/val/images/e20_000742.png,data/real/val/images/e20_000742.png,544,368
e20_000743,e20,000743,train,data/synthetic/train/images/e20_000743.png,data/real/train/images/e20_000743.png,544,368
e20_000744,e20,000744,train,data/synthetic/train/images/e20_000744.png,data/real/train/images/e20_000744.png,544,368
e20_000745,e20,000745,train,data/synthetic/train/images/e20_000745.png,data/real/train/images/e20_000745.png,544,368
e20_000746,e20,000746,train,data/synthetic/val/images/e20_000746.png,data/real/val/images/e20_000746.png,544,368
e20_000747,e20,000747,train,data/synthetic/train/images/e20_000747.png,data/real/train/images/e20_000747.png,544,368
e20_000748,e20,000748,train,data/synthetic/train/images/e20_000748.png,data/real/train/images/e20_000748.png,544,368
e20_000749,e20,000749,train,data/synthetic/train/images/e20_000749.png,data/real/train/images/e20_000749.png,544,368
e20_000750,e20,000750,train,data/synthetic/train/images/e20_000750.png,data/real/train/images/e20_000750.png,544,368
e20_000751,e20,000751,train,data/synthetic/train/images/e20_000751.png,data/real/train/images/e20_000751.png,544,368
e20_000752,e20,000752,train,data/synthetic/val/images/e20_000752.png,data/real/val/images/e20_000752.png,544,368
e20_000753,e20,000753,train,data/synthetic/train/images/e20_000753.png,data/real/train/images/e20_000753.png,544,368
e20_000754,e20,000754,train,data/synthetic/train/images/e20_000754.png,data/real/train/images/e20_000754.png,544,368
e20_000755,e20,000755,train,data/synthetic/train/images/e20_000755.png,data/real/train/images/e20_000755.png,544,368
e20_000756,e20,000756,train,data/synthetic/train/images/e20_000756.png,data/real/train/images/e20_000756.png,544,368
e20_000757,e20,000757,train,data/synthetic/train/images/e20_000757.png,data/real/train/images/e20_000757.png,544,368
e20_000758,e20,000758,train,data/synthetic/train/images/e20_000758.png,data/real/train/images/e20_000758.png,544,368
e20_000759,e20,000759,train,data/synthetic/train/images/e20_000759.png,data/real/train/images/e20_000759.png,544,368
e20_000760,e20,000760,train,data/synthetic/train/images/e20_000760.png,data/real/train/images/e20_000760.png,544,368
e20_000761,e20,000761,train,data/synthetic/train/images/e20_000761.png,data/real/train/images/e20_000761.png,544,368
e20_000762,e20,000762,train,data/synthetic/train/images/e20_000762.png,data/real/train/images/e20_000762.png,544,368
e20_000763,e20,000763,train,data/synthetic/val/images/e20_000763.png,data/real/val/images/e20_000763.png,544,368
e20_000764,e20,000764,train,data/synthetic/train/images/e20_000764.png,data/real/train/images/e20_000764.png,544,368
e20_000765,e20,000765,train,data/synthetic/train/images/e20_000765.png,data/real/train/images/e20_000765.png,544,368
e20_000766,e20,000766,train,data/synthetic/train/images/e20_000766.png,data/real/train/images/e20_000766.png,544,368
e20_000767,e20,000767,train,data/synthetic/train/images/e20_000767.png,data/real/train/images/e20_000767.png,544,368
e20_000768,e20,000768,train,data/synthetic/train/images/e20_000768.png,data/real/train/images/e20_000768.png,544,368
e20_000769,e20,000769,train,data/synthetic/train/images/e20_000769.png,data/real/train/images/e20_000769.png,544,368
e20_000770,e20,000770,train,data/synthetic/val/images/e20_000770.png,data/real/val/images/e20_000770.png,544,368
e20_000771,e20,000771,train,data/synthetic/train/images/e20_000771.png,data/real/train/images/e20_000771.png,544,368
e20_000772,e20,000772,train,data/synthetic/train/images/e20_000772.png,data/real/train/images/e20_000772.png,544,368
e20_000773,e20,000773,train,data/synthetic/train/images/e20_000773.png,data/real/train/images/e20_000773.png,544,368
e20_000774,e20,000774,train,data/synthetic/train/images/e20_000774.png,data/real/train/images/e20_000774.png,544,368
e20_000775,e20,000775,train,data/synthetic/val/images/e20_000775.png,data/real/val/images/e20_000775.png,544,368
e20_000776,e20,000776,train,data/synthetic/val/images/e20_000776.png,data/real/val/images/e20_000776.png,544,368
e20_000777,e20,000777,train,data/synthetic/val/images/e20_000777.png,data/real/val/images/e20_000777.png,544,368
e20_000778,e20,000778,train,data/synthetic/train/images/e20_000778.png,data/real/train/images/e20_000778.png,544,368
e20_000779,e20,000779,train,data/synthetic/val/images/e20_000779.png,data/real/val/images/e20_000779.png,544,368
e20_000780,e20,000780,train,data/synthetic/train/images/e20_000780.png,data/real/train/images/e20_000780.png,544,368
e20_000781,e20,000781,train,data/synthetic/train/images/e20_000781.png,data/real/train/images/e20_000781.png,544,368
e20_000782,e20,000782,train,data/synthetic/train/images/e20_000782.png,data/real/train/images/e20_000782.png,544,368
e20_000783,e20,000783,train,data/synthetic/train/images/e20_000783.png,data/real/train/images/e20_000783.png,544,368
e20_000784,e20,000784,train,data/synthetic/train/images/e20_000784.png,data/real/train/images/e20_000784.png,544,368
e20_000785,e20,000785,train,data/synthetic/train/images/e20_000785.png,data/real/train/images/e20_000785.png,544,368
e20_000786,e20,000786,train,data/synthetic/train/images/e20_000786.png,data/real/train/images/e20_000786.png,544,368
e20_000787,e20,000787,train,data/synthetic/train/images/e20_000787.png,data/real/train/images/e20_000787.png,544,368
e20_000788,e20,000788,train,data/synthetic/val/images/e20_000788.png,data/real/val/images/e20_000788.png,544,368
e20_000789,e20,000789,train,data/synthetic/train/images/e20_000789.png,data/real/train/images/e20_000789.png,544,368
e20_000790,e20,000790,train,data/synthetic/train/images/e20_000790.png,data/real/train/images/e20_000790.png,544,368
e20_000791,e20,000791,train,data/synthetic/train/images/e20_000791.png,data/real/train/images/e20_000791.png,544,368
e20_000792,e20,000792,train,data/synthetic/train/images/e20_000792.png,data/real/train/images/e20_000792.png,544,368
e20_000793,e20,000793,train,data/synthetic/val/images/e20_000793.png,data/real/val/images/e20_000793.png,544,368
e20_000794,e20,000794,train,data/synthetic/train/images/e20_000794.png,data/real/train/images/e20_000794.png,544,368
e20_000795,e20,000795,train,data/synthetic/val/images/e20_000795.png,data/real/val/images/e20_000795.png,544,368
e20_000796,e20,000796,train,data/synthetic/train/images/e20_000796.png,data/real/train/images/e20_000796.png,544,368
e20_000797,e20,000797,train,data/synthetic/train/images/e20_000797.png,data/real/train/images/e20_000797.png,544,368
e20_000798,e20,000798,train,data/synthetic/train/images/e20_000798.png,data/real/train/images/e20_000798.png,544,368
e20_000799,e20,000799,train,data/synthetic/val/images/e20_000799.png,data/real/val/images/e20_000799.png,544,368
e20_000800,e20,000800,train,data/synthetic/train/images/e20_000800.png,data/real/train/images/e20_000800.png,544,368
e20_000801,e20,000801,train,data/synthetic/train/images/e20_000801.png,data/real/train/images/e20_000801.png,544,368
e20_000802,e20,000802,train,data/synthetic/train/images/e20_000802.png,data/real/train/images/e20_000802.png,544,368
e20_000803,e20,000803,train,data/synthetic/train/images/e20_000803.png,data/real/train/images/e20_000803.png,544,368
e20_000804,e20,000804,train,data/synthetic/train/images/e20_000804.png,data/real/train/images/e20_000804.png,544,368
e20_000805,e20,000805,train,data/synthetic/train/images/e20_000805.png,data/real/train/images/e20_000805.png,544,368
e20_000806,e20,000806,train,data/synthetic/train/images/e20_000806.png,data/real/train/images/e20_000806.png,544,368
e20_000807,e20,000807,train,data/synthetic/val/images/e20_000807.png,data/real/val/images/e20_000807.png,544,368
e20_000808,e20,000808,train,data/synthetic/train/images/e20_000808.png,data/real/train/images/e20_000808.png,544,368
e20_000809,e20,000809,train,data/synthetic/train/images/e20_000809.png,data/real/train/images/e20_000809.png,544,368
e20_000810,e20,000810,train,data/synthetic/train/images/e20_000810.png,data/real/train/images/e20_000810.png,544,368
e20_000811,e20,000811,train,data/synthetic/train/images/e20_000811.png,data/real/train/images/e20_000811.png,544,368
e20_000812,e20,000812,train,data/synthetic/train/images/e20_000812.png,data/real/train/images/e20_000812.png,544,368
e20_000813,e20,000813,train,data/synthetic/train/images/e20_000813.png,data/real/train/images/e20_000813.png,544,368
e20_000814,e20,000814,train,data/synthetic/val/images/e20_000814.png,data/real/val/images/e20_000814.png,544,368
e20_000815,e20,000815,train,data/synthetic/val/images/e20_000815.png,data/real/val/images/e20_000815.png,544,368
e20_000816,e20,000816,train,data/synthetic/train/images/e20_000816.png,data/real/train/images/e20_000816.png,544,368
e20_000817,e20,000817,train,data/synthetic/train/images/e20_000817.png,data/real/train/images/e20_000817.png,544,368
e20_000818,e20,000818,train,data/synthetic/val/images/e20_000818.png,data/real/val/images/e20_000818.png,544,368
e20_000819,e20,000819,train,data/synthetic/train/images/e20_000819.png,data/real/train/images/e20_000819.png,544,368
e20_000820,e20,000820,train,data/synthetic/train/images/e20_000820.png,data/real/train/images/e20_000820.png,544,368
e20_000821,e20,000821,train,data/synthetic/val/images/e20_000821.png,data/real/val/images/e20_000821.png,544,368
e20_000822,e20,000822,train,data/synthetic/train/images/e20_000822.png,data/real/train/images/e20_000822.png,544,368
e20_000823,e20,000823,train,data/synthetic/train/images/e20_000823.png,data/real/train/images/e20_000823.png,544,368
e20_000824,e20,000824,train,data/synthetic/val/images/e20_000824.png,data/real/val/images/e20_000824.png,544,368
e20_000825,e20,000825,train,data/synthetic/train/images/e20_000825.png,data/real/train/images/e20_000825.png,544,368
e20_000826,e20,000826,train,data/synthetic/train/images/e20_000826.png,data/real/train/images/e20_000826.png,544,368
e20_000827,e20,000827,train,data/synthetic/val/images/e20_000827.png,data/real/val/images/e20_000827.png,544,368
e20_000828,e20,000828,train,data/synthetic/train/images/e20_000828.png,data/real/train/images/e20_000828.png,544,368
e20_000829,e20,000829,train,data/synthetic/train/images/e20_000829.png,data/real/train/images/e20_000829.png,544,368
e20_000830,e20,000830,train,data/synthetic/val/images/e20_000830.png,data/real/val/images/e20_000830.png,544,368
e20_000831,e20,000831,train,data/synthetic/val/images/e20_000831.png,data/real/val/images/e20_000831.png,544,368
e20_000832,e20,000832,train,data/synthetic/val/images/e20_000832.png,data/real/val/images/e20_000832.png,544,368
e20_000833,e20,000833,train,data/synthetic/val/images/e20_000833.png,data/real/val/images/e20_000833.png,544,368
e20_000834,e20,000834,train,data/synthetic/train/images/e20_000834.png,data/real/train/images/e20_000834.png,544,368
e20_000835,e20,000835,train,data/synthetic/val/images/e20_000835.png,data/real/val/images/e20_000835.png,544,368
e20_000836,e20,000836,train,data/synthetic/train/images/e20_000836.png,data/real/train/images/e20_000836.png,544,368
